LOCATION,INDICATOR,SUBJECT,MEASURE,FREQUENCY,TIME_OF_PROD,VALUE_PROD,Flag Codes
AUS,OILPROD,TOT,KTOE,A,2000,25081.157,
AUS,OILPROD,TOT,KTOE,A,2001,26611.828,
AUS,OILPROD,TOT,KTOE,A,2002,30307.711,
AUS,OILPROD,TOT,KTOE,A,2003,29403.176,
AUS,OILPROD,TOT,KTOE,A,2004,25785.035,
AUS,OILPROD,TOT,KTOE,A,2005,22928.552,
AUS,OILPROD,TOT,KTOE,A,2006,20414.553,
AUS,OILPROD,TOT,KTOE,A,2007,23214.306,
AUS,OILPROD,TOT,KTOE,A,2008,21500.836,
AUS,OILPROD,TOT,KTOE,A,2009,22170.045,
AUS,OILPROD,TOT,KTOE,A,2010,23141.817,
AUS,OILPROD,TOT,KTOE,A,2011,22232.029,
AUS,OILPROD,TOT,KTOE,A,2012,20728.672,
AUS,OILPROD,TOT,KTOE,A,2013,17979.347,
AUS,OILPROD,TOT,KTOE,A,2014,16925.631,
AUS,OILPROD,TOT,KTOE,A,2015,16159.77,
AUS,OILPROD,TOT,KTOE,A,2016,15783.669,
AUS,OILPROD,TOT,KTOE,A,2017,13563.828,
AUT,OILPROD,TOT,KTOE,A,2000,989.322,
AUT,OILPROD,TOT,KTOE,A,2001,971.446,
AUT,OILPROD,TOT,KTOE,A,2002,962.31,
AUT,OILPROD,TOT,KTOE,A,2003,932.872,
AUT,OILPROD,TOT,KTOE,A,2004,985.657,
AUT,OILPROD,TOT,KTOE,A,2005,867.906,
AUT,OILPROD,TOT,KTOE,A,2006,868.921,
AUT,OILPROD,TOT,KTOE,A,2007,865.876,
AUT,OILPROD,TOT,KTOE,A,2008,875.012,
AUT,OILPROD,TOT,KTOE,A,2009,922.721,
AUT,OILPROD,TOT,KTOE,A,2010,890.238,
AUT,OILPROD,TOT,KTOE,A,2011,850.65,
AUT,OILPROD,TOT,KTOE,A,2012,851.665,
AUT,OILPROD,TOT,KTOE,A,2013,855.725,
AUT,OILPROD,TOT,KTOE,A,2014,967.386,
AUT,OILPROD,TOT,KTOE,A,2015,866.891,
AUT,OILPROD,TOT,KTOE,A,2016,797.865,
AUT,OILPROD,TOT,KTOE,A,2017,746.095,
BEL,OILPROD,TOT,KTOE,A,2000,0,
BEL,OILPROD,TOT,KTOE,A,2001,0,
BEL,OILPROD,TOT,KTOE,A,2002,0,
BEL,OILPROD,TOT,KTOE,A,2003,0,
BEL,OILPROD,TOT,KTOE,A,2004,0,
BEL,OILPROD,TOT,KTOE,A,2005,0,
BEL,OILPROD,TOT,KTOE,A,2006,0,
BEL,OILPROD,TOT,KTOE,A,2007,0,
BEL,OILPROD,TOT,KTOE,A,2008,0,
BEL,OILPROD,TOT,KTOE,A,2009,0,
BEL,OILPROD,TOT,KTOE,A,2010,0,
BEL,OILPROD,TOT,KTOE,A,2011,0,
BEL,OILPROD,TOT,KTOE,A,2012,0,
BEL,OILPROD,TOT,KTOE,A,2013,0,
BEL,OILPROD,TOT,KTOE,A,2014,0,
BEL,OILPROD,TOT,KTOE,A,2015,0,
BEL,OILPROD,TOT,KTOE,A,2016,0,
BEL,OILPROD,TOT,KTOE,A,2017,0,
CAN,OILPROD,TOT,KTOE,A,2000,89873.513,
CAN,OILPROD,TOT,KTOE,A,2001,90223.044,
CAN,OILPROD,TOT,KTOE,A,2002,93116.387,
CAN,OILPROD,TOT,KTOE,A,2003,101441.775,
CAN,OILPROD,TOT,KTOE,A,2004,104830.799,
CAN,OILPROD,TOT,KTOE,A,2005,106808.41,
CAN,OILPROD,TOT,KTOE,A,2006,115490.484,
CAN,OILPROD,TOT,KTOE,A,2007,109452.38,
CAN,OILPROD,TOT,KTOE,A,2008,110046.175,
CAN,OILPROD,TOT,KTOE,A,2009,103680.002,
CAN,OILPROD,TOT,KTOE,A,2010,110424.323,
CAN,OILPROD,TOT,KTOE,A,2011,117003.076,
CAN,OILPROD,TOT,KTOE,A,2012,127611.66,
CAN,OILPROD,TOT,KTOE,A,2013,138333.688,
CAN,OILPROD,TOT,KTOE,A,2014,152695.136,
CAN,OILPROD,TOT,KTOE,A,2015,158024.979,
CAN,OILPROD,TOT,KTOE,A,2016,161526.424,
CAN,OILPROD,TOT,KTOE,A,2017,174226.065,
CZE,OILPROD,TOT,KTOE,A,2000,175.456,
CZE,OILPROD,TOT,KTOE,A,2001,183.288,
CZE,OILPROD,TOT,KTOE,A,2002,265.835,
CZE,OILPROD,TOT,KTOE,A,2003,317.522,
CZE,OILPROD,TOT,KTOE,A,2004,305.942,
CZE,OILPROD,TOT,KTOE,A,2005,312.94,
CZE,OILPROD,TOT,KTOE,A,2006,265.734,
CZE,OILPROD,TOT,KTOE,A,2007,247.228,
CZE,OILPROD,TOT,KTOE,A,2008,242.763,
CZE,OILPROD,TOT,KTOE,A,2009,222.7,
CZE,OILPROD,TOT,KTOE,A,2010,178.236,
CZE,OILPROD,TOT,KTOE,A,2011,167.097,
CZE,OILPROD,TOT,KTOE,A,2012,157.982,
CZE,OILPROD,TOT,KTOE,A,2013,155.96,
CZE,OILPROD,TOT,KTOE,A,2014,151.91,
CZE,OILPROD,TOT,KTOE,A,2015,129.63,
CZE,OILPROD,TOT,KTOE,A,2016,118.489,
CZE,OILPROD,TOT,KTOE,A,2017,109.375,
DNK,OILPROD,TOT,KTOE,A,2000,18260.724,
DNK,OILPROD,TOT,KTOE,A,2001,17343.58,
DNK,OILPROD,TOT,KTOE,A,2002,18633.539,
DNK,OILPROD,TOT,KTOE,A,2003,18633.539,
DNK,OILPROD,TOT,KTOE,A,2004,19782.794,
DNK,OILPROD,TOT,KTOE,A,2005,19017.651,
DNK,OILPROD,TOT,KTOE,A,2006,17294.282,
DNK,OILPROD,TOT,KTOE,A,2007,15579.13,
DNK,OILPROD,TOT,KTOE,A,2008,14414.469,
DNK,OILPROD,TOT,KTOE,A,2009,13251.863,
DNK,OILPROD,TOT,KTOE,A,2010,12485.693,
DNK,OILPROD,TOT,KTOE,A,2011,11236.816,
DNK,OILPROD,TOT,KTOE,A,2012,10249.833,
DNK,OILPROD,TOT,KTOE,A,2013,8917.765,
DNK,OILPROD,TOT,KTOE,A,2014,8350.841,
DNK,OILPROD,TOT,KTOE,A,2015,7897.917,
DNK,OILPROD,TOT,KTOE,A,2016,7111.207,
DNK,OILPROD,TOT,KTOE,A,2017,6916.07,
FIN,OILPROD,TOT,KTOE,A,2000,0,
FIN,OILPROD,TOT,KTOE,A,2001,0,
FIN,OILPROD,TOT,KTOE,A,2002,0,
FIN,OILPROD,TOT,KTOE,A,2003,0,
FIN,OILPROD,TOT,KTOE,A,2004,0,
FIN,OILPROD,TOT,KTOE,A,2005,0,
FIN,OILPROD,TOT,KTOE,A,2006,0,
FIN,OILPROD,TOT,KTOE,A,2007,0,
FIN,OILPROD,TOT,KTOE,A,2008,0,
FIN,OILPROD,TOT,KTOE,A,2009,0,
FIN,OILPROD,TOT,KTOE,A,2010,0,
FIN,OILPROD,TOT,KTOE,A,2011,0,
FIN,OILPROD,TOT,KTOE,A,2012,0,
FIN,OILPROD,TOT,KTOE,A,2013,0,
FIN,OILPROD,TOT,KTOE,A,2014,0,
FIN,OILPROD,TOT,KTOE,A,2015,0,
FIN,OILPROD,TOT,KTOE,A,2016,0,
FIN,OILPROD,TOT,KTOE,A,2017,0,
FRA,OILPROD,TOT,KTOE,A,2000,1416.729,
FRA,OILPROD,TOT,KTOE,A,2001,1381.736,
FRA,OILPROD,TOT,KTOE,A,2002,1316.591,
FRA,OILPROD,TOT,KTOE,A,2003,1245.582,
FRA,OILPROD,TOT,KTOE,A,2004,1162.816,
FRA,OILPROD,TOT,KTOE,A,2005,1102.529,
FRA,OILPROD,TOT,KTOE,A,2006,1078.006,
FRA,OILPROD,TOT,KTOE,A,2007,995.24,
FRA,OILPROD,TOT,KTOE,A,2008,996.261,
FRA,OILPROD,TOT,KTOE,A,2009,918.604,
FRA,OILPROD,TOT,KTOE,A,2010,915.539,
FRA,OILPROD,TOT,KTOE,A,2011,914.517,
FRA,OILPROD,TOT,KTOE,A,2012,824.598,
FRA,OILPROD,TOT,KTOE,A,2013,810.293,
FRA,OILPROD,TOT,KTOE,A,2014,782.704,
FRA,OILPROD,TOT,KTOE,A,2015,853.209,
FRA,OILPROD,TOT,KTOE,A,2016,832.772,
FRA,OILPROD,TOT,KTOE,A,2017,773.508,
DEU,OILPROD,TOT,KTOE,A,2000,3232.469,
DEU,OILPROD,TOT,KTOE,A,2001,3346.82,
DEU,OILPROD,TOT,KTOE,A,2002,3582.67,
DEU,OILPROD,TOT,KTOE,A,2003,3767.47,
DEU,OILPROD,TOT,KTOE,A,2004,3553.735,
DEU,OILPROD,TOT,KTOE,A,2005,3560.619,
DEU,OILPROD,TOT,KTOE,A,2006,3469.054,
DEU,OILPROD,TOT,KTOE,A,2007,3443.765,
DEU,OILPROD,TOT,KTOE,A,2008,3100.633,
DEU,OILPROD,TOT,KTOE,A,2009,2813.485,
DEU,OILPROD,TOT,KTOE,A,2010,2523.823,
DEU,OILPROD,TOT,KTOE,A,2011,2671.612,
DEU,OILPROD,TOT,KTOE,A,2012,2645.69,
DEU,OILPROD,TOT,KTOE,A,2013,2682.905,
DEU,OILPROD,TOT,KTOE,A,2014,2473.152,
DEU,OILPROD,TOT,KTOE,A,2015,2450.728,
DEU,OILPROD,TOT,KTOE,A,2016,2392.861,
DEU,OILPROD,TOT,KTOE,A,2017,2227.381,
GRC,OILPROD,TOT,KTOE,A,2000,233.315,
GRC,OILPROD,TOT,KTOE,A,2001,155.847,
GRC,OILPROD,TOT,KTOE,A,2002,150.379,
GRC,OILPROD,TOT,KTOE,A,2003,109.367,
GRC,OILPROD,TOT,KTOE,A,2004,107.544,
GRC,OILPROD,TOT,KTOE,A,2005,81.114,
GRC,OILPROD,TOT,KTOE,A,2006,75.645,
GRC,OILPROD,TOT,KTOE,A,2007,67.443,
GRC,OILPROD,TOT,KTOE,A,2008,53.772,
GRC,OILPROD,TOT,KTOE,A,2009,72.911,
GRC,OILPROD,TOT,KTOE,A,2010,104.81,
GRC,OILPROD,TOT,KTOE,A,2011,89.316,
GRC,OILPROD,TOT,KTOE,A,2012,85.67,
GRC,OILPROD,TOT,KTOE,A,2013,63.797,
GRC,OILPROD,TOT,KTOE,A,2014,58.329,
GRC,OILPROD,TOT,KTOE,A,2015,56.506,
GRC,OILPROD,TOT,KTOE,A,2016,160.404,
GRC,OILPROD,TOT,KTOE,A,2017,129.417,
HUN,OILPROD,TOT,KTOE,A,2000,1134.155,
HUN,OILPROD,TOT,KTOE,A,2001,1063.27,
HUN,OILPROD,TOT,KTOE,A,2002,1048.295,
HUN,OILPROD,TOT,KTOE,A,2003,1113.199,
HUN,OILPROD,TOT,KTOE,A,2004,1057.244,
HUN,OILPROD,TOT,KTOE,A,2005,930.61,
HUN,OILPROD,TOT,KTOE,A,2006,884.561,
HUN,OILPROD,TOT,KTOE,A,2007,837.297,
HUN,OILPROD,TOT,KTOE,A,2008,809.877,
HUN,OILPROD,TOT,KTOE,A,2009,789.715,
HUN,OILPROD,TOT,KTOE,A,2010,732.808,
HUN,OILPROD,TOT,KTOE,A,2011,657.93,
HUN,OILPROD,TOT,KTOE,A,2012,647.946,
HUN,OILPROD,TOT,KTOE,A,2013,598.027,
HUN,OILPROD,TOT,KTOE,A,2014,583.051,
HUN,OILPROD,TOT,KTOE,A,2015,621.988,
HUN,OILPROD,TOT,KTOE,A,2016,710.844,
HUN,OILPROD,TOT,KTOE,A,2017,724.821,
ISL,OILPROD,TOT,KTOE,A,2000,0,
ISL,OILPROD,TOT,KTOE,A,2001,0,
ISL,OILPROD,TOT,KTOE,A,2002,0,
ISL,OILPROD,TOT,KTOE,A,2003,0,
ISL,OILPROD,TOT,KTOE,A,2004,0,
ISL,OILPROD,TOT,KTOE,A,2005,0,
ISL,OILPROD,TOT,KTOE,A,2006,0,
ISL,OILPROD,TOT,KTOE,A,2007,0,
ISL,OILPROD,TOT,KTOE,A,2008,0,
ISL,OILPROD,TOT,KTOE,A,2009,0,
ISL,OILPROD,TOT,KTOE,A,2010,0,
ISL,OILPROD,TOT,KTOE,A,2011,0,
ISL,OILPROD,TOT,KTOE,A,2012,0,
ISL,OILPROD,TOT,KTOE,A,2013,0,
ISL,OILPROD,TOT,KTOE,A,2014,0,
ISL,OILPROD,TOT,KTOE,A,2015,0,
ISL,OILPROD,TOT,KTOE,A,2016,0,
ISL,OILPROD,TOT,KTOE,A,2017,0,
IRL,OILPROD,TOT,KTOE,A,2000,0,
IRL,OILPROD,TOT,KTOE,A,2001,0,
IRL,OILPROD,TOT,KTOE,A,2002,0,
IRL,OILPROD,TOT,KTOE,A,2003,0,
IRL,OILPROD,TOT,KTOE,A,2004,0,
IRL,OILPROD,TOT,KTOE,A,2005,0,
IRL,OILPROD,TOT,KTOE,A,2006,0,
IRL,OILPROD,TOT,KTOE,A,2007,0,
IRL,OILPROD,TOT,KTOE,A,2008,0,
IRL,OILPROD,TOT,KTOE,A,2009,0,
IRL,OILPROD,TOT,KTOE,A,2010,0,
IRL,OILPROD,TOT,KTOE,A,2011,0,
IRL,OILPROD,TOT,KTOE,A,2012,0,
IRL,OILPROD,TOT,KTOE,A,2013,0,
IRL,OILPROD,TOT,KTOE,A,2014,0,
IRL,OILPROD,TOT,KTOE,A,2015,0,
IRL,OILPROD,TOT,KTOE,A,2016,0,
IRL,OILPROD,TOT,KTOE,A,2017,0,
ITA,OILPROD,TOT,KTOE,A,2000,4554.13,
ITA,OILPROD,TOT,KTOE,A,2001,4065.223,
ITA,OILPROD,TOT,KTOE,A,2002,5536.058,
ITA,OILPROD,TOT,KTOE,A,2003,5571.064,
ITA,OILPROD,TOT,KTOE,A,2004,5446.04,
ITA,OILPROD,TOT,KTOE,A,2005,6109.832,
ITA,OILPROD,TOT,KTOE,A,2006,5767.898,
ITA,OILPROD,TOT,KTOE,A,2007,5858.88,
ITA,OILPROD,TOT,KTOE,A,2008,5219.003,
ITA,OILPROD,TOT,KTOE,A,2009,4550.13,
ITA,OILPROD,TOT,KTOE,A,2010,5079.029,
ITA,OILPROD,TOT,KTOE,A,2011,5282.99,
ITA,OILPROD,TOT,KTOE,A,2012,5395.969,
ITA,OILPROD,TOT,KTOE,A,2013,5500.949,
ITA,OILPROD,TOT,KTOE,A,2014,5763.898,
ITA,OILPROD,TOT,KTOE,A,2015,5470,
ITA,OILPROD,TOT,KTOE,A,2016,3746,
ITA,OILPROD,TOT,KTOE,A,2017,4098,
JPN,OILPROD,TOT,KTOE,A,2000,334.729,
JPN,OILPROD,TOT,KTOE,A,2001,289.607,
JPN,OILPROD,TOT,KTOE,A,2002,255.359,
JPN,OILPROD,TOT,KTOE,A,2003,297.75,
JPN,OILPROD,TOT,KTOE,A,2004,296.359,
JPN,OILPROD,TOT,KTOE,A,2005,320.619,
JPN,OILPROD,TOT,KTOE,A,2006,284.168,
JPN,OILPROD,TOT,KTOE,A,2007,289.402,
JPN,OILPROD,TOT,KTOE,A,2008,294.642,
JPN,OILPROD,TOT,KTOE,A,2009,268.203,
JPN,OILPROD,TOT,KTOE,A,2010,253.147,
JPN,OILPROD,TOT,KTOE,A,2011,246.024,
JPN,OILPROD,TOT,KTOE,A,2012,242.786,
JPN,OILPROD,TOT,KTOE,A,2013,227.123,
JPN,OILPROD,TOT,KTOE,A,2014,225.284,
JPN,OILPROD,TOT,KTOE,A,2015,206.107,
JPN,OILPROD,TOT,KTOE,A,2016,188.059,
JPN,OILPROD,TOT,KTOE,A,2017,182.025,
KOR,OILPROD,TOT,KTOE,A,2000,0,
KOR,OILPROD,TOT,KTOE,A,2001,0,
KOR,OILPROD,TOT,KTOE,A,2002,0,
KOR,OILPROD,TOT,KTOE,A,2003,0,
KOR,OILPROD,TOT,KTOE,A,2004,0,
KOR,OILPROD,TOT,KTOE,A,2005,55.073,
KOR,OILPROD,TOT,KTOE,A,2006,45.894,
KOR,OILPROD,TOT,KTOE,A,2007,31.616,
KOR,OILPROD,TOT,KTOE,A,2008,21.417,
KOR,OILPROD,TOT,KTOE,A,2009,42.835,
KOR,OILPROD,TOT,KTOE,A,2010,54.053,
KOR,OILPROD,TOT,KTOE,A,2011,39.775,
KOR,OILPROD,TOT,KTOE,A,2012,36.715,
KOR,OILPROD,TOT,KTOE,A,2013,39.775,
KOR,OILPROD,TOT,KTOE,A,2014,27.537,
KOR,OILPROD,TOT,KTOE,A,2015,16.318,
KOR,OILPROD,TOT,KTOE,A,2016,15.298,
KOR,OILPROD,TOT,KTOE,A,2017,30.596,
LUX,OILPROD,TOT,KTOE,A,2000,0,
LUX,OILPROD,TOT,KTOE,A,2001,0,
LUX,OILPROD,TOT,KTOE,A,2002,0,
LUX,OILPROD,TOT,KTOE,A,2003,0,
LUX,OILPROD,TOT,KTOE,A,2004,0,
LUX,OILPROD,TOT,KTOE,A,2005,0,
LUX,OILPROD,TOT,KTOE,A,2006,0,
LUX,OILPROD,TOT,KTOE,A,2007,0,
LUX,OILPROD,TOT,KTOE,A,2008,0,
LUX,OILPROD,TOT,KTOE,A,2009,0,
LUX,OILPROD,TOT,KTOE,A,2010,0,
LUX,OILPROD,TOT,KTOE,A,2011,0,
LUX,OILPROD,TOT,KTOE,A,2012,0,
LUX,OILPROD,TOT,KTOE,A,2013,0,
LUX,OILPROD,TOT,KTOE,A,2014,0,
LUX,OILPROD,TOT,KTOE,A,2015,0,
LUX,OILPROD,TOT,KTOE,A,2016,0,
LUX,OILPROD,TOT,KTOE,A,2017,0,
MEX,OILPROD,TOT,KTOE,A,2000,159630.01,
MEX,OILPROD,TOT,KTOE,A,2001,164934.738,
MEX,OILPROD,TOT,KTOE,A,2002,170364.264,
MEX,OILPROD,TOT,KTOE,A,2003,185930.985,
MEX,OILPROD,TOT,KTOE,A,2004,189801.468,
MEX,OILPROD,TOT,KTOE,A,2005,185013.684,
MEX,OILPROD,TOT,KTOE,A,2006,178024.223,
MEX,OILPROD,TOT,KTOE,A,2007,168043.027,
MEX,OILPROD,TOT,KTOE,A,2008,158180.615,
MEX,OILPROD,TOT,KTOE,A,2009,146731.525,
MEX,OILPROD,TOT,KTOE,A,2010,144975.463,
MEX,OILPROD,TOT,KTOE,A,2011,142889.883,
MEX,OILPROD,TOT,KTOE,A,2012,142421.594,
MEX,OILPROD,TOT,KTOE,A,2013,139529.408,
MEX,OILPROD,TOT,KTOE,A,2014,134435.57,
MEX,OILPROD,TOT,KTOE,A,2015,121586.809,
MEX,OILPROD,TOT,KTOE,A,2016,115851.494,
MEX,OILPROD,TOT,KTOE,A,2017,104778.875,
NLD,OILPROD,TOT,KTOE,A,2000,1471.675,
NLD,OILPROD,TOT,KTOE,A,2001,1397.225,
NLD,OILPROD,TOT,KTOE,A,2002,2276.354,
NLD,OILPROD,TOT,KTOE,A,2003,2349.785,
NLD,OILPROD,TOT,KTOE,A,2004,2147.85,
NLD,OILPROD,TOT,KTOE,A,2005,1521.649,
NLD,OILPROD,TOT,KTOE,A,2006,1374.787,
NLD,OILPROD,TOT,KTOE,A,2007,2109.095,
NLD,OILPROD,TOT,KTOE,A,2008,1765.398,
NLD,OILPROD,TOT,KTOE,A,2009,1338.072,
NLD,OILPROD,TOT,KTOE,A,2010,1040.269,
NLD,OILPROD,TOT,KTOE,A,2011,1102.482,
NLD,OILPROD,TOT,KTOE,A,2012,1133.078,
NLD,OILPROD,TOT,KTOE,A,2013,1144.296,
NLD,OILPROD,TOT,KTOE,A,2014,1555.305,
NLD,OILPROD,TOT,KTOE,A,2015,1423.741,
NLD,OILPROD,TOT,KTOE,A,2016,976.017,
NLD,OILPROD,TOT,KTOE,A,2017,959.7,
NZL,OILPROD,TOT,KTOE,A,2000,1681.292,
NZL,OILPROD,TOT,KTOE,A,2001,1575.327,
NZL,OILPROD,TOT,KTOE,A,2002,1428.163,
NZL,OILPROD,TOT,KTOE,A,2003,1110.776,
NZL,OILPROD,TOT,KTOE,A,2004,959.685,
NZL,OILPROD,TOT,KTOE,A,2005,885.6,
NZL,OILPROD,TOT,KTOE,A,2006,878.118,
NZL,OILPROD,TOT,KTOE,A,2007,1959.155,
NZL,OILPROD,TOT,KTOE,A,2008,2839.03,
NZL,OILPROD,TOT,KTOE,A,2009,2683.494,
NZL,OILPROD,TOT,KTOE,A,2010,2574.596,
NZL,OILPROD,TOT,KTOE,A,2011,2204.631,
NZL,OILPROD,TOT,KTOE,A,2012,1925.318,
NZL,OILPROD,TOT,KTOE,A,2013,1650.557,
NZL,OILPROD,TOT,KTOE,A,2014,1838.825,
NZL,OILPROD,TOT,KTOE,A,2015,1934.951,
NZL,OILPROD,TOT,KTOE,A,2016,1640.305,
NZL,OILPROD,TOT,KTOE,A,2017,1476.795,
NOR,OILPROD,TOT,KTOE,A,2000,164121.159,
NOR,OILPROD,TOT,KTOE,A,2001,158958.377,
NOR,OILPROD,TOT,KTOE,A,2002,155340.067,
NOR,OILPROD,TOT,KTOE,A,2003,149237.163,
NOR,OILPROD,TOT,KTOE,A,2004,138970.081,
NOR,OILPROD,TOT,KTOE,A,2005,126334.158,
NOR,OILPROD,TOT,KTOE,A,2006,116432.119,
NOR,OILPROD,TOT,KTOE,A,2007,112513.401,
NOR,OILPROD,TOT,KTOE,A,2008,107727.794,
NOR,OILPROD,TOT,KTOE,A,2009,101051.044,
NOR,OILPROD,TOT,KTOE,A,2010,86646.227,
NOR,OILPROD,TOT,KTOE,A,2011,82733.718,
NOR,OILPROD,TOT,KTOE,A,2012,74404.786,
NOR,OILPROD,TOT,KTOE,A,2013,71616.531,
NOR,OILPROD,TOT,KTOE,A,2014,74740.193,
NOR,OILPROD,TOT,KTOE,A,2015,76377.041,
NOR,OILPROD,TOT,KTOE,A,2016,80469.074,
NOR,OILPROD,TOT,KTOE,A,2017,79303.908,
POL,OILPROD,TOT,KTOE,A,2000,661.297,
POL,OILPROD,TOT,KTOE,A,2001,779.897,
POL,OILPROD,TOT,KTOE,A,2002,738.815,
POL,OILPROD,TOT,KTOE,A,2003,766.498,
POL,OILPROD,TOT,KTOE,A,2004,890.486,
POL,OILPROD,TOT,KTOE,A,2005,845.833,
POL,OILPROD,TOT,KTOE,A,2006,810.487,
POL,OILPROD,TOT,KTOE,A,2007,730.747,
POL,OILPROD,TOT,KTOE,A,2008,770.779,
POL,OILPROD,TOT,KTOE,A,2009,692.825,
POL,OILPROD,TOT,KTOE,A,2010,697.485,
POL,OILPROD,TOT,KTOE,A,2011,626.653,
POL,OILPROD,TOT,KTOE,A,2012,691.589,
POL,OILPROD,TOT,KTOE,A,2013,981.967,
POL,OILPROD,TOT,KTOE,A,2014,969.626,
POL,OILPROD,TOT,KTOE,A,2015,945.333,
POL,OILPROD,TOT,KTOE,A,2016,1016.11,
POL,OILPROD,TOT,KTOE,A,2017,1011.035,
PRT,OILPROD,TOT,KTOE,A,2000,0,
PRT,OILPROD,TOT,KTOE,A,2001,0,
PRT,OILPROD,TOT,KTOE,A,2002,0,
PRT,OILPROD,TOT,KTOE,A,2003,0,
PRT,OILPROD,TOT,KTOE,A,2004,0,
PRT,OILPROD,TOT,KTOE,A,2005,0,
PRT,OILPROD,TOT,KTOE,A,2006,0,
PRT,OILPROD,TOT,KTOE,A,2007,0,
PRT,OILPROD,TOT,KTOE,A,2008,0,
PRT,OILPROD,TOT,KTOE,A,2009,0,
PRT,OILPROD,TOT,KTOE,A,2010,0,
PRT,OILPROD,TOT,KTOE,A,2011,0,
PRT,OILPROD,TOT,KTOE,A,2012,0,
PRT,OILPROD,TOT,KTOE,A,2013,0,
PRT,OILPROD,TOT,KTOE,A,2014,0,
PRT,OILPROD,TOT,KTOE,A,2015,0,
PRT,OILPROD,TOT,KTOE,A,2016,0,
PRT,OILPROD,TOT,KTOE,A,2017,0,
SVK,OILPROD,TOT,KTOE,A,2000,58.586,
SVK,OILPROD,TOT,KTOE,A,2001,45.76,
SVK,OILPROD,TOT,KTOE,A,2002,43.771,
SVK,OILPROD,TOT,KTOE,A,2003,41.781,
SVK,OILPROD,TOT,KTOE,A,2004,37.666,
SVK,OILPROD,TOT,KTOE,A,2005,30.505,
SVK,OILPROD,TOT,KTOE,A,2006,27.754,
SVK,OILPROD,TOT,KTOE,A,2007,21.702,
SVK,OILPROD,TOT,KTOE,A,2008,17.713,
SVK,OILPROD,TOT,KTOE,A,2009,14.761,
SVK,OILPROD,TOT,KTOE,A,2010,12.793,
SVK,OILPROD,TOT,KTOE,A,2011,14.761,
SVK,OILPROD,TOT,KTOE,A,2012,10.824,
SVK,OILPROD,TOT,KTOE,A,2013,9.84,
SVK,OILPROD,TOT,KTOE,A,2014,8.856,
SVK,OILPROD,TOT,KTOE,A,2015,9.84,
SVK,OILPROD,TOT,KTOE,A,2016,8.256,
SVK,OILPROD,TOT,KTOE,A,2017,6.192,
ESP,OILPROD,TOT,KTOE,A,2000,231.321,
ESP,OILPROD,TOT,KTOE,A,2001,344.434,
ESP,OILPROD,TOT,KTOE,A,2002,322.015,
ESP,OILPROD,TOT,KTOE,A,2003,328.13,
ESP,OILPROD,TOT,KTOE,A,2004,259.854,
ESP,OILPROD,TOT,KTOE,A,2005,169.16,
ESP,OILPROD,TOT,KTOE,A,2006,141.646,
ESP,OILPROD,TOT,KTOE,A,2007,144.703,
ESP,OILPROD,TOT,KTOE,A,2008,129.418,
ESP,OILPROD,TOT,KTOE,A,2009,106.999,
ESP,OILPROD,TOT,KTOE,A,2010,125.341,
ESP,OILPROD,TOT,KTOE,A,2011,101.904,
ESP,OILPROD,TOT,KTOE,A,2012,144.703,
ESP,OILPROD,TOT,KTOE,A,2013,375.005,
ESP,OILPROD,TOT,KTOE,A,2014,310.806,
ESP,OILPROD,TOT,KTOE,A,2015,236.416,
ESP,OILPROD,TOT,KTOE,A,2016,143.684,
ESP,OILPROD,TOT,KTOE,A,2017,120.246,
SWE,OILPROD,TOT,KTOE,A,2000,0,
SWE,OILPROD,TOT,KTOE,A,2001,0,
SWE,OILPROD,TOT,KTOE,A,2002,0,
SWE,OILPROD,TOT,KTOE,A,2003,0,
SWE,OILPROD,TOT,KTOE,A,2004,0,
SWE,OILPROD,TOT,KTOE,A,2005,0,
SWE,OILPROD,TOT,KTOE,A,2006,0,
SWE,OILPROD,TOT,KTOE,A,2007,0,
SWE,OILPROD,TOT,KTOE,A,2008,0,
SWE,OILPROD,TOT,KTOE,A,2009,0,
SWE,OILPROD,TOT,KTOE,A,2010,0,
SWE,OILPROD,TOT,KTOE,A,2011,0,
SWE,OILPROD,TOT,KTOE,A,2012,0,
SWE,OILPROD,TOT,KTOE,A,2013,0,
SWE,OILPROD,TOT,KTOE,A,2014,0,
SWE,OILPROD,TOT,KTOE,A,2015,0,
SWE,OILPROD,TOT,KTOE,A,2016,0,
SWE,OILPROD,TOT,KTOE,A,2017,0,
CHE,OILPROD,TOT,KTOE,A,2000,0,
CHE,OILPROD,TOT,KTOE,A,2001,0,
CHE,OILPROD,TOT,KTOE,A,2002,0,
CHE,OILPROD,TOT,KTOE,A,2003,0,
CHE,OILPROD,TOT,KTOE,A,2004,0,
CHE,OILPROD,TOT,KTOE,A,2005,0,
CHE,OILPROD,TOT,KTOE,A,2006,0,
CHE,OILPROD,TOT,KTOE,A,2007,0,
CHE,OILPROD,TOT,KTOE,A,2008,0,
CHE,OILPROD,TOT,KTOE,A,2009,0,
CHE,OILPROD,TOT,KTOE,A,2010,0,
CHE,OILPROD,TOT,KTOE,A,2011,0,
CHE,OILPROD,TOT,KTOE,A,2012,0,
CHE,OILPROD,TOT,KTOE,A,2013,0,
CHE,OILPROD,TOT,KTOE,A,2014,0,
CHE,OILPROD,TOT,KTOE,A,2015,0,
CHE,OILPROD,TOT,KTOE,A,2016,0,
CHE,OILPROD,TOT,KTOE,A,2017,0,
TUR,OILPROD,TOT,KTOE,A,2000,2729.147,
TUR,OILPROD,TOT,KTOE,A,2001,2490.026,
TUR,OILPROD,TOT,KTOE,A,2002,2391.215,
TUR,OILPROD,TOT,KTOE,A,2003,2323.036,
TUR,OILPROD,TOT,KTOE,A,2004,2224.225,
TUR,OILPROD,TOT,KTOE,A,2005,2231.142,
TUR,OILPROD,TOT,KTOE,A,2006,2134.308,
TUR,OILPROD,TOT,KTOE,A,2007,2108.617,
TUR,OILPROD,TOT,KTOE,A,2008,2134.308,
TUR,OILPROD,TOT,KTOE,A,2009,2373.429,
TUR,OILPROD,TOT,KTOE,A,2010,2650.269,
TUR,OILPROD,TOT,KTOE,A,2011,2503.988,
TUR,OILPROD,TOT,KTOE,A,2012,2470.849,
TUR,OILPROD,TOT,KTOE,A,2013,2538.924,
TUR,OILPROD,TOT,KTOE,A,2014,2609.657,
TUR,OILPROD,TOT,KTOE,A,2015,2657.34,
TUR,OILPROD,TOT,KTOE,A,2016,2720.615,
TUR,OILPROD,TOT,KTOE,A,2017,2699.468,
GBR,OILPROD,TOT,KTOE,A,2000,122237.676,
GBR,OILPROD,TOT,KTOE,A,2001,112391.841,
GBR,OILPROD,TOT,KTOE,A,2002,111399.481,
GBR,OILPROD,TOT,KTOE,A,2003,101449.95,
GBR,OILPROD,TOT,KTOE,A,2004,90749.669,
GBR,OILPROD,TOT,KTOE,A,2005,80030.722,
GBR,OILPROD,TOT,KTOE,A,2006,72239.084,
GBR,OILPROD,TOT,KTOE,A,2007,72882.713,
GBR,OILPROD,TOT,KTOE,A,2008,67848.247,
GBR,OILPROD,TOT,KTOE,A,2009,65075.146,
GBR,OILPROD,TOT,KTOE,A,2010,60130.802,
GBR,OILPROD,TOT,KTOE,A,2011,50314.628,
GBR,OILPROD,TOT,KTOE,A,2012,43561.605,
GBR,OILPROD,TOT,KTOE,A,2013,39836.514,
GBR,OILPROD,TOT,KTOE,A,2014,38819.262,
GBR,OILPROD,TOT,KTOE,A,2015,44363.391,
GBR,OILPROD,TOT,KTOE,A,2016,45896.521,
GBR,OILPROD,TOT,KTOE,A,2017,44566.427,
USA,OILPROD,TOT,KTOE,A,2000,297512.886,
USA,OILPROD,TOT,KTOE,A,2001,295670.563,
USA,OILPROD,TOT,KTOE,A,2002,292823.901,
USA,OILPROD,TOT,KTOE,A,2003,289518.467,
USA,OILPROD,TOT,KTOE,A,2004,276931.156,
USA,OILPROD,TOT,KTOE,A,2005,263918.138,
USA,OILPROD,TOT,KTOE,A,2006,260029.939,
USA,OILPROD,TOT,KTOE,A,2007,258101.855,
USA,OILPROD,TOT,KTOE,A,2008,252986.129,
USA,OILPROD,TOT,KTOE,A,2009,273202.08,
USA,OILPROD,TOT,KTOE,A,2010,279225.018,
USA,OILPROD,TOT,KTOE,A,2011,287590.382,
USA,OILPROD,TOT,KTOE,A,2012,332009.679,
USA,OILPROD,TOT,KTOE,A,2013,380518.664,
USA,OILPROD,TOT,KTOE,A,2014,446109.689,
USA,OILPROD,TOT,KTOE,A,2015,472634.851,
USA,OILPROD,TOT,KTOE,A,2016,446538.263,
USA,OILPROD,TOT,KTOE,A,2017,470360.949,
OEU,OILPROD,TOT,KTOE,A,2000,321508.155,
OEU,OILPROD,TOT,KTOE,A,2001,304918.77,
OEU,OILPROD,TOT,KTOE,A,2002,304008.389,
OEU,OILPROD,TOT,KTOE,A,2003,288186.958,
OEU,OILPROD,TOT,KTOE,A,2004,267681.603,
OEU,OILPROD,TOT,KTOE,A,2005,243146.37,
OEU,OILPROD,TOT,KTOE,A,2006,222864.286,
OEU,OILPROD,TOT,KTOE,A,2007,218405.837,
OEU,OILPROD,TOT,KTOE,A,2008,206105.447,
OEU,OILPROD,TOT,KTOE,A,2009,194194.405,
OEU,OILPROD,TOT,KTOE,A,2010,174213.362,
OEU,OILPROD,TOT,KTOE,A,2011,159269.062,
OEU,OILPROD,TOT,KTOE,A,2012,143276.787,
OEU,OILPROD,TOT,KTOE,A,2013,136088.498,
OEU,OILPROD,TOT,KTOE,A,2014,138144.976,
OEU,OILPROD,TOT,KTOE,A,2015,144359.971,
OEU,OILPROD,TOT,KTOE,A,2016,147100.719,
OEU,OILPROD,TOT,KTOE,A,2017,144391.643,
ALB,OILPROD,TOT,KTOE,A,2000,314,
ALB,OILPROD,TOT,KTOE,A,2001,308,
ALB,OILPROD,TOT,KTOE,A,2002,371,
ALB,OILPROD,TOT,KTOE,A,2003,360,
ALB,OILPROD,TOT,KTOE,A,2004,443,
ALB,OILPROD,TOT,KTOE,A,2005,418,
ALB,OILPROD,TOT,KTOE,A,2006,500,
ALB,OILPROD,TOT,KTOE,A,2007,564,
ALB,OILPROD,TOT,KTOE,A,2008,578,
ALB,OILPROD,TOT,KTOE,A,2009,577,
ALB,OILPROD,TOT,KTOE,A,2010,744,
ALB,OILPROD,TOT,KTOE,A,2011,895,
ALB,OILPROD,TOT,KTOE,A,2012,1031,
ALB,OILPROD,TOT,KTOE,A,2013,1207,
ALB,OILPROD,TOT,KTOE,A,2014,1368,
ALB,OILPROD,TOT,KTOE,A,2015,1279,
ALB,OILPROD,TOT,KTOE,A,2016,1056,
ALB,OILPROD,TOT,KTOE,A,2017,959,
DZA,OILPROD,TOT,KTOE,A,2000,43754.203,
DZA,OILPROD,TOT,KTOE,A,2001,42831.865,
DZA,OILPROD,TOT,KTOE,A,2002,47971.937,
DZA,OILPROD,TOT,KTOE,A,2003,57576.871,
DZA,OILPROD,TOT,KTOE,A,2004,62199.937,
DZA,OILPROD,TOT,KTOE,A,2005,65346.435,
DZA,OILPROD,TOT,KTOE,A,2006,66037.154,
DZA,OILPROD,TOT,KTOE,A,2007,66264.637,
DZA,OILPROD,TOT,KTOE,A,2008,63679.608,
DZA,OILPROD,TOT,KTOE,A,2009,59054.474,
DZA,OILPROD,TOT,KTOE,A,2010,57588.245,
DZA,OILPROD,TOT,KTOE,A,2011,56392.928,
DZA,OILPROD,TOT,KTOE,A,2012,52799.737,
DZA,OILPROD,TOT,KTOE,A,2013,51260.094,
DZA,OILPROD,TOT,KTOE,A,2014,52532.962,
DZA,OILPROD,TOT,KTOE,A,2015,50856.829,
DZA,OILPROD,TOT,KTOE,A,2016,52677.724,
DZA,OILPROD,TOT,KTOE,A,2017,49642.9,
ARG,OILPROD,TOT,KTOE,A,2000,39530,
ARG,OILPROD,TOT,KTOE,A,2001,40089,
ARG,OILPROD,TOT,KTOE,A,2002,38744,
ARG,OILPROD,TOT,KTOE,A,2003,37079,
ARG,OILPROD,TOT,KTOE,A,2004,35551,
ARG,OILPROD,TOT,KTOE,A,2005,33934,
ARG,OILPROD,TOT,KTOE,A,2006,33850,
ARG,OILPROD,TOT,KTOE,A,2007,32945,
ARG,OILPROD,TOT,KTOE,A,2008,32323,
ARG,OILPROD,TOT,KTOE,A,2009,32002,
ARG,OILPROD,TOT,KTOE,A,2010,31274,
ARG,OILPROD,TOT,KTOE,A,2011,29861,
ARG,OILPROD,TOT,KTOE,A,2012,28324,
ARG,OILPROD,TOT,KTOE,A,2013,26978,
ARG,OILPROD,TOT,KTOE,A,2014,27484,
ARG,OILPROD,TOT,KTOE,A,2015,27496,
ARG,OILPROD,TOT,KTOE,A,2016,26440,
ARG,OILPROD,TOT,KTOE,A,2017,24766,
ARM,OILPROD,TOT,KTOE,A,2000,0,
ARM,OILPROD,TOT,KTOE,A,2001,0,
ARM,OILPROD,TOT,KTOE,A,2002,0,
ARM,OILPROD,TOT,KTOE,A,2003,0,
ARM,OILPROD,TOT,KTOE,A,2004,0,
ARM,OILPROD,TOT,KTOE,A,2005,0,
ARM,OILPROD,TOT,KTOE,A,2006,0,
ARM,OILPROD,TOT,KTOE,A,2007,0,
ARM,OILPROD,TOT,KTOE,A,2008,0,
ARM,OILPROD,TOT,KTOE,A,2009,0,
ARM,OILPROD,TOT,KTOE,A,2010,0,
ARM,OILPROD,TOT,KTOE,A,2011,0,
ARM,OILPROD,TOT,KTOE,A,2012,0,
ARM,OILPROD,TOT,KTOE,A,2013,0,
ARM,OILPROD,TOT,KTOE,A,2014,0,
ARM,OILPROD,TOT,KTOE,A,2015,0,
ARM,OILPROD,TOT,KTOE,A,2016,0,
ARM,OILPROD,TOT,KTOE,A,2017,0,
AZE,OILPROD,TOT,KTOE,A,2000,13938.232,
AZE,OILPROD,TOT,KTOE,A,2001,14852.775,
AZE,OILPROD,TOT,KTOE,A,2002,15283.916,
AZE,OILPROD,TOT,KTOE,A,2003,15327.131,
AZE,OILPROD,TOT,KTOE,A,2004,15424.615,
AZE,OILPROD,TOT,KTOE,A,2005,22103.791,
AZE,OILPROD,TOT,KTOE,A,2006,32145.67,
AZE,OILPROD,TOT,KTOE,A,2007,41548.374,
AZE,OILPROD,TOT,KTOE,A,2008,42400.607,
AZE,OILPROD,TOT,KTOE,A,2009,48595.377,
AZE,OILPROD,TOT,KTOE,A,2010,48823.51,
AZE,OILPROD,TOT,KTOE,A,2011,43661.872,
AZE,OILPROD,TOT,KTOE,A,2012,41219.742,
AZE,OILPROD,TOT,KTOE,A,2013,40929.299,
AZE,OILPROD,TOT,KTOE,A,2014,39639.895,
AZE,OILPROD,TOT,KTOE,A,2015,39229.858,
AZE,OILPROD,TOT,KTOE,A,2016,38442.949,
AZE,OILPROD,TOT,KTOE,A,2017,38881.126,
BGD,OILPROD,TOT,KTOE,A,2000,0,
BGD,OILPROD,TOT,KTOE,A,2001,0,
BGD,OILPROD,TOT,KTOE,A,2002,0,
BGD,OILPROD,TOT,KTOE,A,2003,0,
BGD,OILPROD,TOT,KTOE,A,2004,0,
BGD,OILPROD,TOT,KTOE,A,2005,0,
BGD,OILPROD,TOT,KTOE,A,2006,0,
BGD,OILPROD,TOT,KTOE,A,2007,0,
BGD,OILPROD,TOT,KTOE,A,2008,0,
BGD,OILPROD,TOT,KTOE,A,2009,0,
BGD,OILPROD,TOT,KTOE,A,2010,0,
BGD,OILPROD,TOT,KTOE,A,2011,0,
BGD,OILPROD,TOT,KTOE,A,2012,0,
BGD,OILPROD,TOT,KTOE,A,2013,0,
BGD,OILPROD,TOT,KTOE,A,2014,0,
BGD,OILPROD,TOT,KTOE,A,2015,0,
BGD,OILPROD,TOT,KTOE,A,2016,0,
BGD,OILPROD,TOT,KTOE,A,2017,0,
BLR,OILPROD,TOT,KTOE,A,2000,1860.24,
BLR,OILPROD,TOT,KTOE,A,2001,1861.245,
BLR,OILPROD,TOT,KTOE,A,2002,1855.215,
BLR,OILPROD,TOT,KTOE,A,2003,1829.085,
BLR,OILPROD,TOT,KTOE,A,2004,1813.005,
BLR,OILPROD,TOT,KTOE,A,2005,1793.911,
BLR,OILPROD,TOT,KTOE,A,2006,1788.886,
BLR,OILPROD,TOT,KTOE,A,2007,1768.786,
BLR,OILPROD,TOT,KTOE,A,2008,1748.686,
BLR,OILPROD,TOT,KTOE,A,2009,1728.586,
BLR,OILPROD,TOT,KTOE,A,2010,1708.486,
BLR,OILPROD,TOT,KTOE,A,2011,1690.396,
BLR,OILPROD,TOT,KTOE,A,2012,1668.287,
BLR,OILPROD,TOT,KTOE,A,2013,1653.212,
BLR,OILPROD,TOT,KTOE,A,2014,1653.212,
BLR,OILPROD,TOT,KTOE,A,2015,1653.212,
BLR,OILPROD,TOT,KTOE,A,2016,1653.212,
BLR,OILPROD,TOT,KTOE,A,2017,1602.962,
BIH,OILPROD,TOT,KTOE,A,2000,0,
BIH,OILPROD,TOT,KTOE,A,2001,0,
BIH,OILPROD,TOT,KTOE,A,2002,0,
BIH,OILPROD,TOT,KTOE,A,2003,0,
BIH,OILPROD,TOT,KTOE,A,2004,0,
BIH,OILPROD,TOT,KTOE,A,2005,0,
BIH,OILPROD,TOT,KTOE,A,2006,0,
BIH,OILPROD,TOT,KTOE,A,2007,0,
BIH,OILPROD,TOT,KTOE,A,2008,0,
BIH,OILPROD,TOT,KTOE,A,2009,0,
BIH,OILPROD,TOT,KTOE,A,2010,0,
BIH,OILPROD,TOT,KTOE,A,2011,0,
BIH,OILPROD,TOT,KTOE,A,2012,0,
BIH,OILPROD,TOT,KTOE,A,2013,0,
BIH,OILPROD,TOT,KTOE,A,2014,0,
BIH,OILPROD,TOT,KTOE,A,2015,0,
BIH,OILPROD,TOT,KTOE,A,2016,0,
BIH,OILPROD,TOT,KTOE,A,2017,0,
BRA,OILPROD,TOT,KTOE,A,2000,63849.523,
BRA,OILPROD,TOT,KTOE,A,2001,66742.705,
BRA,OILPROD,TOT,KTOE,A,2002,75123.973,
BRA,OILPROD,TOT,KTOE,A,2003,77579.526,
BRA,OILPROD,TOT,KTOE,A,2004,76502.415,
BRA,OILPROD,TOT,KTOE,A,2005,84299.229,
BRA,OILPROD,TOT,KTOE,A,2006,89113.839,
BRA,OILPROD,TOT,KTOE,A,2007,90764.916,
BRA,OILPROD,TOT,KTOE,A,2008,94000.854,
BRA,OILPROD,TOT,KTOE,A,2009,100920.856,
BRA,OILPROD,TOT,KTOE,A,2010,106438.365,
BRA,OILPROD,TOT,KTOE,A,2011,108974.94,
BRA,OILPROD,TOT,KTOE,A,2012,107016.757,
BRA,OILPROD,TOT,KTOE,A,2013,104761.233,
BRA,OILPROD,TOT,KTOE,A,2014,116898.155,
BRA,OILPROD,TOT,KTOE,A,2015,126336.135,
BRA,OILPROD,TOT,KTOE,A,2016,130442.62,
BRA,OILPROD,TOT,KTOE,A,2017,135979.134,
BRN,OILPROD,TOT,KTOE,A,2000,9674.944,
BRN,OILPROD,TOT,KTOE,A,2001,9773.981,
BRN,OILPROD,TOT,KTOE,A,2002,10132.35,
BRN,OILPROD,TOT,KTOE,A,2003,10340.633,
BRN,OILPROD,TOT,KTOE,A,2004,9898.542,
BRN,OILPROD,TOT,KTOE,A,2005,10437.627,
BRN,OILPROD,TOT,KTOE,A,2006,10512.16,
BRN,OILPROD,TOT,KTOE,A,2007,9241.022,
BRN,OILPROD,TOT,KTOE,A,2008,9020.487,
BRN,OILPROD,TOT,KTOE,A,2009,7818.776,
BRN,OILPROD,TOT,KTOE,A,2010,7775.895,
BRN,OILPROD,TOT,KTOE,A,2011,7441.008,
BRN,OILPROD,TOT,KTOE,A,2012,7432.84,
BRN,OILPROD,TOT,KTOE,A,2013,6188.248,
BRN,OILPROD,TOT,KTOE,A,2014,5799.249,
BRN,OILPROD,TOT,KTOE,A,2015,6060.624,
BRN,OILPROD,TOT,KTOE,A,2016,5545.021,
BRN,OILPROD,TOT,KTOE,A,2017,5167.253,
BGR,OILPROD,TOT,KTOE,A,2000,40.849,
BGR,OILPROD,TOT,KTOE,A,2001,33.069,
BGR,OILPROD,TOT,KTOE,A,2002,35.986,
BGR,OILPROD,TOT,KTOE,A,2003,29.178,
BGR,OILPROD,TOT,KTOE,A,2004,29.178,
BGR,OILPROD,TOT,KTOE,A,2005,29.178,
BGR,OILPROD,TOT,KTOE,A,2006,27.233,
BGR,OILPROD,TOT,KTOE,A,2007,25.288,
BGR,OILPROD,TOT,KTOE,A,2008,23.343,
BGR,OILPROD,TOT,KTOE,A,2009,24.315,
BGR,OILPROD,TOT,KTOE,A,2010,22.37,
BGR,OILPROD,TOT,KTOE,A,2011,21.397,
BGR,OILPROD,TOT,KTOE,A,2012,23.343,
BGR,OILPROD,TOT,KTOE,A,2013,27.233,
BGR,OILPROD,TOT,KTOE,A,2014,25.288,
BGR,OILPROD,TOT,KTOE,A,2015,24.315,
BGR,OILPROD,TOT,KTOE,A,2016,23.343,
BGR,OILPROD,TOT,KTOE,A,2017,23.343,
KHM,OILPROD,TOT,KTOE,A,2000,0,
KHM,OILPROD,TOT,KTOE,A,2001,0,
KHM,OILPROD,TOT,KTOE,A,2002,0,
KHM,OILPROD,TOT,KTOE,A,2003,0,
KHM,OILPROD,TOT,KTOE,A,2004,0,
KHM,OILPROD,TOT,KTOE,A,2005,0,
KHM,OILPROD,TOT,KTOE,A,2006,0,
KHM,OILPROD,TOT,KTOE,A,2007,0,
KHM,OILPROD,TOT,KTOE,A,2008,0,
KHM,OILPROD,TOT,KTOE,A,2009,0,
KHM,OILPROD,TOT,KTOE,A,2010,0,
KHM,OILPROD,TOT,KTOE,A,2011,0,
KHM,OILPROD,TOT,KTOE,A,2012,0,
KHM,OILPROD,TOT,KTOE,A,2013,0,
KHM,OILPROD,TOT,KTOE,A,2014,0,
KHM,OILPROD,TOT,KTOE,A,2015,0,
KHM,OILPROD,TOT,KTOE,A,2016,0,
KHM,OILPROD,TOT,KTOE,A,2017,0,
CHL,OILPROD,TOT,KTOE,A,2000,264.986,
CHL,OILPROD,TOT,KTOE,A,2001,264.986,
CHL,OILPROD,TOT,KTOE,A,2002,220.65,
CHL,OILPROD,TOT,KTOE,A,2003,179.407,
CHL,OILPROD,TOT,KTOE,A,2004,178.25,
CHL,OILPROD,TOT,KTOE,A,2005,166.638,
CHL,OILPROD,TOT,KTOE,A,2006,145.795,
CHL,OILPROD,TOT,KTOE,A,2007,128.088,
CHL,OILPROD,TOT,KTOE,A,2008,132.411,
CHL,OILPROD,TOT,KTOE,A,2009,185.261,
CHL,OILPROD,TOT,KTOE,A,2010,216.018,
CHL,OILPROD,TOT,KTOE,A,2011,277.588,
CHL,OILPROD,TOT,KTOE,A,2012,302.911,
CHL,OILPROD,TOT,KTOE,A,2013,355.137,
CHL,OILPROD,TOT,KTOE,A,2014,347.746,
CHL,OILPROD,TOT,KTOE,A,2015,251.78,
CHL,OILPROD,TOT,KTOE,A,2016,209.473,
CHL,OILPROD,TOT,KTOE,A,2017,165.102,
CHN,OILPROD,TOT,KTOE,A,2000,163000,
CHN,OILPROD,TOT,KTOE,A,2001,163959,
CHN,OILPROD,TOT,KTOE,A,2002,167000,
CHN,OILPROD,TOT,KTOE,A,2003,169600,
CHN,OILPROD,TOT,KTOE,A,2004,175873,
CHN,OILPROD,TOT,KTOE,A,2005,181353,
CHN,OILPROD,TOT,KTOE,A,2006,184766,
CHN,OILPROD,TOT,KTOE,A,2007,186318,
CHN,OILPROD,TOT,KTOE,A,2008,190440,
CHN,OILPROD,TOT,KTOE,A,2009,189490,
CHN,OILPROD,TOT,KTOE,A,2010,203014,
CHN,OILPROD,TOT,KTOE,A,2011,202876,
CHN,OILPROD,TOT,KTOE,A,2012,207478,
CHN,OILPROD,TOT,KTOE,A,2013,209919,
CHN,OILPROD,TOT,KTOE,A,2014,211429,
CHN,OILPROD,TOT,KTOE,A,2015,214556,
CHN,OILPROD,TOT,KTOE,A,2016,199685,
CHN,OILPROD,TOT,KTOE,A,2017,191506,
COL,OILPROD,TOT,KTOE,A,2000,35710.687,
COL,OILPROD,TOT,KTOE,A,2001,31439.571,
COL,OILPROD,TOT,KTOE,A,2002,30074.388,
COL,OILPROD,TOT,KTOE,A,2003,28159.297,
COL,OILPROD,TOT,KTOE,A,2004,27555.913,
COL,OILPROD,TOT,KTOE,A,2005,27367.229,
COL,OILPROD,TOT,KTOE,A,2006,27591.228,
COL,OILPROD,TOT,KTOE,A,2007,27591.228,
COL,OILPROD,TOT,KTOE,A,2008,30633.376,
COL,OILPROD,TOT,KTOE,A,2009,34873.213,
COL,OILPROD,TOT,KTOE,A,2010,40878.808,
COL,OILPROD,TOT,KTOE,A,2011,47609.877,
COL,OILPROD,TOT,KTOE,A,2012,49245.473,
COL,OILPROD,TOT,KTOE,A,2013,50697.431,
COL,OILPROD,TOT,KTOE,A,2014,51517.751,
COL,OILPROD,TOT,KTOE,A,2015,52307.802,
COL,OILPROD,TOT,KTOE,A,2016,46208.37,
COL,OILPROD,TOT,KTOE,A,2017,44790.718,
HRV,OILPROD,TOT,KTOE,A,2000,1127.142,
HRV,OILPROD,TOT,KTOE,A,2001,1055.24,
HRV,OILPROD,TOT,KTOE,A,2002,1027.897,
HRV,OILPROD,TOT,KTOE,A,2003,971.186,
HRV,OILPROD,TOT,KTOE,A,2004,901.309,
HRV,OILPROD,TOT,KTOE,A,2005,840.546,
HRV,OILPROD,TOT,KTOE,A,2006,817.254,
HRV,OILPROD,TOT,KTOE,A,2007,777.759,
HRV,OILPROD,TOT,KTOE,A,2008,726.111,
HRV,OILPROD,TOT,KTOE,A,2009,678.662,
HRV,OILPROD,TOT,KTOE,A,2010,626.77,
HRV,OILPROD,TOT,KTOE,A,2011,590.14,
HRV,OILPROD,TOT,KTOE,A,2012,558.598,
HRV,OILPROD,TOT,KTOE,A,2013,545.371,
HRV,OILPROD,TOT,KTOE,A,2014,550.459,
HRV,OILPROD,TOT,KTOE,A,2015,629.822,
HRV,OILPROD,TOT,KTOE,A,2016,695.959,
HRV,OILPROD,TOT,KTOE,A,2017,701.046,
CYP,OILPROD,TOT,KTOE,A,2000,0,
CYP,OILPROD,TOT,KTOE,A,2001,0,
CYP,OILPROD,TOT,KTOE,A,2002,0,
CYP,OILPROD,TOT,KTOE,A,2003,0,
CYP,OILPROD,TOT,KTOE,A,2004,0,
CYP,OILPROD,TOT,KTOE,A,2005,0,
CYP,OILPROD,TOT,KTOE,A,2006,0,
CYP,OILPROD,TOT,KTOE,A,2007,0,
CYP,OILPROD,TOT,KTOE,A,2008,0,
CYP,OILPROD,TOT,KTOE,A,2009,0,
CYP,OILPROD,TOT,KTOE,A,2010,0,
CYP,OILPROD,TOT,KTOE,A,2011,0,
CYP,OILPROD,TOT,KTOE,A,2012,0,
CYP,OILPROD,TOT,KTOE,A,2013,0,
CYP,OILPROD,TOT,KTOE,A,2014,0,
CYP,OILPROD,TOT,KTOE,A,2015,0,
CYP,OILPROD,TOT,KTOE,A,2016,0,
CYP,OILPROD,TOT,KTOE,A,2017,0,
EGY,OILPROD,TOT,KTOE,A,2000,35283.741,
EGY,OILPROD,TOT,KTOE,A,2001,34202.714,
EGY,OILPROD,TOT,KTOE,A,2002,34048.282,
EGY,OILPROD,TOT,KTOE,A,2003,35040.916,
EGY,OILPROD,TOT,KTOE,A,2004,32705.126,
EGY,OILPROD,TOT,KTOE,A,2005,31571.267,
EGY,OILPROD,TOT,KTOE,A,2006,31303.042,
EGY,OILPROD,TOT,KTOE,A,2007,32101.621,
EGY,OILPROD,TOT,KTOE,A,2008,33965.985,
EGY,OILPROD,TOT,KTOE,A,2009,33210.079,
EGY,OILPROD,TOT,KTOE,A,2010,33841.017,
EGY,OILPROD,TOT,KTOE,A,2011,33221.255,
EGY,OILPROD,TOT,KTOE,A,2012,33463.064,
EGY,OILPROD,TOT,KTOE,A,2013,33535.2,
EGY,OILPROD,TOT,KTOE,A,2014,34226.082,
EGY,OILPROD,TOT,KTOE,A,2015,33726.209,
EGY,OILPROD,TOT,KTOE,A,2016,33360.448,
EGY,OILPROD,TOT,KTOE,A,2017,32087.396,
EST,OILPROD,TOT,KTOE,A,2000,0,
EST,OILPROD,TOT,KTOE,A,2001,0,
EST,OILPROD,TOT,KTOE,A,2002,0,
EST,OILPROD,TOT,KTOE,A,2003,0,
EST,OILPROD,TOT,KTOE,A,2004,0,
EST,OILPROD,TOT,KTOE,A,2005,0,
EST,OILPROD,TOT,KTOE,A,2006,0,
EST,OILPROD,TOT,KTOE,A,2007,0,
EST,OILPROD,TOT,KTOE,A,2008,0,
EST,OILPROD,TOT,KTOE,A,2009,0,
EST,OILPROD,TOT,KTOE,A,2010,0,
EST,OILPROD,TOT,KTOE,A,2011,0,
EST,OILPROD,TOT,KTOE,A,2012,0,
EST,OILPROD,TOT,KTOE,A,2013,0,
EST,OILPROD,TOT,KTOE,A,2014,0,
EST,OILPROD,TOT,KTOE,A,2015,0,
EST,OILPROD,TOT,KTOE,A,2016,0,
EST,OILPROD,TOT,KTOE,A,2017,0,
ETH,OILPROD,TOT,KTOE,A,2000,0,
ETH,OILPROD,TOT,KTOE,A,2001,0,
ETH,OILPROD,TOT,KTOE,A,2002,0,
ETH,OILPROD,TOT,KTOE,A,2003,0,
ETH,OILPROD,TOT,KTOE,A,2004,0,
ETH,OILPROD,TOT,KTOE,A,2005,0,
ETH,OILPROD,TOT,KTOE,A,2006,0,
ETH,OILPROD,TOT,KTOE,A,2007,0,
ETH,OILPROD,TOT,KTOE,A,2008,0,
ETH,OILPROD,TOT,KTOE,A,2009,0,
ETH,OILPROD,TOT,KTOE,A,2010,0,
ETH,OILPROD,TOT,KTOE,A,2011,0,
ETH,OILPROD,TOT,KTOE,A,2012,0,
ETH,OILPROD,TOT,KTOE,A,2013,0,
ETH,OILPROD,TOT,KTOE,A,2014,0,
ETH,OILPROD,TOT,KTOE,A,2015,0,
ETH,OILPROD,TOT,KTOE,A,2016,0,
ETH,OILPROD,TOT,KTOE,A,2017,0,
GEO,OILPROD,TOT,KTOE,A,2000,110.549,
GEO,OILPROD,TOT,KTOE,A,2001,99.494,
GEO,OILPROD,TOT,KTOE,A,2002,74.369,
GEO,OILPROD,TOT,KTOE,A,2003,140.699,
GEO,OILPROD,TOT,KTOE,A,2004,98.489,
GEO,OILPROD,TOT,KTOE,A,2005,67.334,
GEO,OILPROD,TOT,KTOE,A,2006,64.319,
GEO,OILPROD,TOT,KTOE,A,2007,57.285,
GEO,OILPROD,TOT,KTOE,A,2008,53.265,
GEO,OILPROD,TOT,KTOE,A,2009,51.255,
GEO,OILPROD,TOT,KTOE,A,2010,52.26,
GEO,OILPROD,TOT,KTOE,A,2011,51.255,
GEO,OILPROD,TOT,KTOE,A,2012,49.245,
GEO,OILPROD,TOT,KTOE,A,2013,48.24,
GEO,OILPROD,TOT,KTOE,A,2014,43.215,
GEO,OILPROD,TOT,KTOE,A,2015,40.2,
GEO,OILPROD,TOT,KTOE,A,2016,39.195,
GEO,OILPROD,TOT,KTOE,A,2017,39.195,
GHA,OILPROD,TOT,KTOE,A,2000,0,
GHA,OILPROD,TOT,KTOE,A,2001,0,
GHA,OILPROD,TOT,KTOE,A,2002,9.162,
GHA,OILPROD,TOT,KTOE,A,2003,10.18,
GHA,OILPROD,TOT,KTOE,A,2004,23.414,
GHA,OILPROD,TOT,KTOE,A,2005,12.216,
GHA,OILPROD,TOT,KTOE,A,2006,23.414,
GHA,OILPROD,TOT,KTOE,A,2007,27.486,
GHA,OILPROD,TOT,KTOE,A,2008,31.558,
GHA,OILPROD,TOT,KTOE,A,2009,25.45,
GHA,OILPROD,TOT,KTOE,A,2010,198.512,
GHA,OILPROD,TOT,KTOE,A,2011,3466.321,
GHA,OILPROD,TOT,KTOE,A,2012,4208.449,
GHA,OILPROD,TOT,KTOE,A,2013,5361.853,
GHA,OILPROD,TOT,KTOE,A,2014,5423.952,
GHA,OILPROD,TOT,KTOE,A,2015,5447.366,
GHA,OILPROD,TOT,KTOE,A,2016,4697.093,
GHA,OILPROD,TOT,KTOE,A,2017,8525.825,
HTI,OILPROD,TOT,KTOE,A,2000,0,
HTI,OILPROD,TOT,KTOE,A,2001,0,
HTI,OILPROD,TOT,KTOE,A,2002,0,
HTI,OILPROD,TOT,KTOE,A,2003,0,
HTI,OILPROD,TOT,KTOE,A,2004,0,
HTI,OILPROD,TOT,KTOE,A,2005,0,
HTI,OILPROD,TOT,KTOE,A,2006,0,
HTI,OILPROD,TOT,KTOE,A,2007,0,
HTI,OILPROD,TOT,KTOE,A,2008,0,
HTI,OILPROD,TOT,KTOE,A,2009,0,
HTI,OILPROD,TOT,KTOE,A,2010,0,
HTI,OILPROD,TOT,KTOE,A,2011,0,
HTI,OILPROD,TOT,KTOE,A,2012,0,
HTI,OILPROD,TOT,KTOE,A,2013,0,
HTI,OILPROD,TOT,KTOE,A,2014,0,
HTI,OILPROD,TOT,KTOE,A,2015,0,
HTI,OILPROD,TOT,KTOE,A,2016,0,
HTI,OILPROD,TOT,KTOE,A,2017,0,
HKG,OILPROD,TOT,KTOE,A,2000,0,
HKG,OILPROD,TOT,KTOE,A,2001,0,
HKG,OILPROD,TOT,KTOE,A,2002,0,
HKG,OILPROD,TOT,KTOE,A,2003,0,
HKG,OILPROD,TOT,KTOE,A,2004,0,
HKG,OILPROD,TOT,KTOE,A,2005,0,
HKG,OILPROD,TOT,KTOE,A,2006,0,
HKG,OILPROD,TOT,KTOE,A,2007,0,
HKG,OILPROD,TOT,KTOE,A,2008,0,
HKG,OILPROD,TOT,KTOE,A,2009,0,
HKG,OILPROD,TOT,KTOE,A,2010,0,
HKG,OILPROD,TOT,KTOE,A,2011,0,
HKG,OILPROD,TOT,KTOE,A,2012,0,
HKG,OILPROD,TOT,KTOE,A,2013,0,
HKG,OILPROD,TOT,KTOE,A,2014,0,
HKG,OILPROD,TOT,KTOE,A,2015,0,
HKG,OILPROD,TOT,KTOE,A,2016,0,
HKG,OILPROD,TOT,KTOE,A,2017,0,
IND,OILPROD,TOT,KTOE,A,2000,33139.298,
IND,OILPROD,TOT,KTOE,A,2001,32736.631,
IND,OILPROD,TOT,KTOE,A,2002,33768.848,
IND,OILPROD,TOT,KTOE,A,2003,34107.129,
IND,OILPROD,TOT,KTOE,A,2004,34728.504,
IND,OILPROD,TOT,KTOE,A,2005,32898.106,
IND,OILPROD,TOT,KTOE,A,2006,34735.658,
IND,OILPROD,TOT,KTOE,A,2007,34868.518,
IND,OILPROD,TOT,KTOE,A,2008,34245.099,
IND,OILPROD,TOT,KTOE,A,2009,34431.103,
IND,OILPROD,TOT,KTOE,A,2010,38512.962,
IND,OILPROD,TOT,KTOE,A,2011,38927.893,
IND,OILPROD,TOT,KTOE,A,2012,38694.877,
IND,OILPROD,TOT,KTOE,A,2013,38619.249,
IND,OILPROD,TOT,KTOE,A,2014,38285.056,
IND,OILPROD,TOT,KTOE,A,2015,37754.639,
IND,OILPROD,TOT,KTOE,A,2016,36801.115,
IND,OILPROD,TOT,KTOE,A,2017,36751.038,
IDN,OILPROD,TOT,KTOE,A,2000,70247.012,
IDN,OILPROD,TOT,KTOE,A,2001,66458.414,
IDN,OILPROD,TOT,KTOE,A,2002,61799.599,
IDN,OILPROD,TOT,KTOE,A,2003,56649.633,
IDN,OILPROD,TOT,KTOE,A,2004,53321.617,
IDN,OILPROD,TOT,KTOE,A,2005,52428.983,
IDN,OILPROD,TOT,KTOE,A,2006,49622.69,
IDN,OILPROD,TOT,KTOE,A,2007,47074.2,
IDN,OILPROD,TOT,KTOE,A,2008,48292.91,
IDN,OILPROD,TOT,KTOE,A,2009,46754.238,
IDN,OILPROD,TOT,KTOE,A,2010,46574.896,
IDN,OILPROD,TOT,KTOE,A,2011,44532.843,
IDN,OILPROD,TOT,KTOE,A,2012,42624.278,
IDN,OILPROD,TOT,KTOE,A,2013,40702.467,
IDN,OILPROD,TOT,KTOE,A,2014,38968.149,
IDN,OILPROD,TOT,KTOE,A,2015,38776.579,
IDN,OILPROD,TOT,KTOE,A,2016,41188.524,
IDN,OILPROD,TOT,KTOE,A,2017,39701.82,
IRN,OILPROD,TOT,KTOE,A,2000,196876.682,
IRN,OILPROD,TOT,KTOE,A,2001,187533.578,
IRN,OILPROD,TOT,KTOE,A,2002,184042.525,
IRN,OILPROD,TOT,KTOE,A,2003,201550.781,
IRN,OILPROD,TOT,KTOE,A,2004,202767.453,
IRN,OILPROD,TOT,KTOE,A,2005,212148.258,
IRN,OILPROD,TOT,KTOE,A,2006,214025.235,
IRN,OILPROD,TOT,KTOE,A,2007,216491.186,
IRN,OILPROD,TOT,KTOE,A,2008,212484.525,
IRN,OILPROD,TOT,KTOE,A,2009,199551.526,
IRN,OILPROD,TOT,KTOE,A,2010,200317.805,
IRN,OILPROD,TOT,KTOE,A,2011,198340.968,
IRN,OILPROD,TOT,KTOE,A,2012,144852.237,
IRN,OILPROD,TOT,KTOE,A,2013,143308.469,
IRN,OILPROD,TOT,KTOE,A,2014,142385.266,
IRN,OILPROD,TOT,KTOE,A,2015,142086.702,
IRN,OILPROD,TOT,KTOE,A,2016,190763.771,
IRN,OILPROD,TOT,KTOE,A,2017,204028.96,
ISR,OILPROD,TOT,KTOE,A,2000,4.064,
ISR,OILPROD,TOT,KTOE,A,2001,4.064,
ISR,OILPROD,TOT,KTOE,A,2002,5.08,
ISR,OILPROD,TOT,KTOE,A,2003,3.048,
ISR,OILPROD,TOT,KTOE,A,2004,2.032,
ISR,OILPROD,TOT,KTOE,A,2005,2.032,
ISR,OILPROD,TOT,KTOE,A,2006,7.112,
ISR,OILPROD,TOT,KTOE,A,2007,4.064,
ISR,OILPROD,TOT,KTOE,A,2008,6.096,
ISR,OILPROD,TOT,KTOE,A,2009,6.096,
ISR,OILPROD,TOT,KTOE,A,2010,4.064,
ISR,OILPROD,TOT,KTOE,A,2011,20.32,
ISR,OILPROD,TOT,KTOE,A,2012,12.192,
ISR,OILPROD,TOT,KTOE,A,2013,64.008,
ISR,OILPROD,TOT,KTOE,A,2014,83.312,
ISR,OILPROD,TOT,KTOE,A,2015,77.216,
ISR,OILPROD,TOT,KTOE,A,2016,116.84,
ISR,OILPROD,TOT,KTOE,A,2017,116.84,
KAZ,OILPROD,TOT,KTOE,A,2000,36104.291,
KAZ,OILPROD,TOT,KTOE,A,2001,40971.759,
KAZ,OILPROD,TOT,KTOE,A,2002,48330.154,
KAZ,OILPROD,TOT,KTOE,A,2003,52623.151,
KAZ,OILPROD,TOT,KTOE,A,2004,60911.458,
KAZ,OILPROD,TOT,KTOE,A,2005,63022.122,
KAZ,OILPROD,TOT,KTOE,A,2006,67187.057,
KAZ,OILPROD,TOT,KTOE,A,2007,68811.622,
KAZ,OILPROD,TOT,KTOE,A,2008,72428.154,
KAZ,OILPROD,TOT,KTOE,A,2009,78349.954,
KAZ,OILPROD,TOT,KTOE,A,2010,81585.316,
KAZ,OILPROD,TOT,KTOE,A,2011,81971.312,
KAZ,OILPROD,TOT,KTOE,A,2012,81165.431,
KAZ,OILPROD,TOT,KTOE,A,2013,83756.077,
KAZ,OILPROD,TOT,KTOE,A,2014,82771.94,
KAZ,OILPROD,TOT,KTOE,A,2015,81369.98,
KAZ,OILPROD,TOT,KTOE,A,2016,79910.672,
KAZ,OILPROD,TOT,KTOE,A,2017,74687.887,
LVA,OILPROD,TOT,KTOE,A,2000,0,
LVA,OILPROD,TOT,KTOE,A,2001,0,
LVA,OILPROD,TOT,KTOE,A,2002,0,
LVA,OILPROD,TOT,KTOE,A,2003,0,
LVA,OILPROD,TOT,KTOE,A,2004,0,
LVA,OILPROD,TOT,KTOE,A,2005,0,
LVA,OILPROD,TOT,KTOE,A,2006,0,
LVA,OILPROD,TOT,KTOE,A,2007,0,
LVA,OILPROD,TOT,KTOE,A,2008,0,
LVA,OILPROD,TOT,KTOE,A,2009,0,
LVA,OILPROD,TOT,KTOE,A,2010,0,
LVA,OILPROD,TOT,KTOE,A,2011,0,
LVA,OILPROD,TOT,KTOE,A,2012,0,
LVA,OILPROD,TOT,KTOE,A,2013,0,
LVA,OILPROD,TOT,KTOE,A,2014,0,
LVA,OILPROD,TOT,KTOE,A,2015,0,
LVA,OILPROD,TOT,KTOE,A,2016,0,
LVA,OILPROD,TOT,KTOE,A,2017,0,
LTU,OILPROD,TOT,KTOE,A,2000,315.94,
LTU,OILPROD,TOT,KTOE,A,2001,479.685,
LTU,OILPROD,TOT,KTOE,A,2002,442.002,
LTU,OILPROD,TOT,KTOE,A,2003,389.044,
LTU,OILPROD,TOT,KTOE,A,2004,307.569,
LTU,OILPROD,TOT,KTOE,A,2005,219.983,
LTU,OILPROD,TOT,KTOE,A,2006,184.337,
LTU,OILPROD,TOT,KTOE,A,2007,157.355,
LTU,OILPROD,TOT,KTOE,A,2008,130.788,
LTU,OILPROD,TOT,KTOE,A,2009,117.505,
LTU,OILPROD,TOT,KTOE,A,2010,117.505,
LTU,OILPROD,TOT,KTOE,A,2011,116.483,
LTU,OILPROD,TOT,KTOE,A,2012,104.222,
LTU,OILPROD,TOT,KTOE,A,2013,87.873,
LTU,OILPROD,TOT,KTOE,A,2014,83.786,
LTU,OILPROD,TOT,KTOE,A,2015,75.129,
LTU,OILPROD,TOT,KTOE,A,2016,64.691,
LTU,OILPROD,TOT,KTOE,A,2017,56.605,
MKD,OILPROD,TOT,KTOE,A,2000,0,
MKD,OILPROD,TOT,KTOE,A,2001,0,
MKD,OILPROD,TOT,KTOE,A,2002,0,
MKD,OILPROD,TOT,KTOE,A,2003,0,
MKD,OILPROD,TOT,KTOE,A,2004,0,
MKD,OILPROD,TOT,KTOE,A,2005,0,
MKD,OILPROD,TOT,KTOE,A,2006,0,
MKD,OILPROD,TOT,KTOE,A,2007,0,
MKD,OILPROD,TOT,KTOE,A,2008,0,
MKD,OILPROD,TOT,KTOE,A,2009,0,
MKD,OILPROD,TOT,KTOE,A,2010,0,
MKD,OILPROD,TOT,KTOE,A,2011,0,
MKD,OILPROD,TOT,KTOE,A,2012,0,
MKD,OILPROD,TOT,KTOE,A,2013,0,
MKD,OILPROD,TOT,KTOE,A,2014,0,
MKD,OILPROD,TOT,KTOE,A,2015,0,
MKD,OILPROD,TOT,KTOE,A,2016,0,
MKD,OILPROD,TOT,KTOE,A,2017,0,
MYS,OILPROD,TOT,KTOE,A,2000,30838.59,
MYS,OILPROD,TOT,KTOE,A,2001,32850.612,
MYS,OILPROD,TOT,KTOE,A,2002,34837.794,
MYS,OILPROD,TOT,KTOE,A,2003,37026.8,
MYS,OILPROD,TOT,KTOE,A,2004,38041.091,
MYS,OILPROD,TOT,KTOE,A,2005,36126.358,
MYS,OILPROD,TOT,KTOE,A,2006,34385.503,
MYS,OILPROD,TOT,KTOE,A,2007,33967.367,
MYS,OILPROD,TOT,KTOE,A,2008,34195.065,
MYS,OILPROD,TOT,KTOE,A,2009,32746.995,
MYS,OILPROD,TOT,KTOE,A,2010,32162.671,
MYS,OILPROD,TOT,KTOE,A,2011,28324.744,
MYS,OILPROD,TOT,KTOE,A,2012,29114.875,
MYS,OILPROD,TOT,KTOE,A,2013,28576.056,
MYS,OILPROD,TOT,KTOE,A,2014,29545.104,
MYS,OILPROD,TOT,KTOE,A,2015,32440.871,
MYS,OILPROD,TOT,KTOE,A,2016,33234.105,
MYS,OILPROD,TOT,KTOE,A,2017,32580.489,
MLT,OILPROD,TOT,KTOE,A,2000,0,
MLT,OILPROD,TOT,KTOE,A,2001,0,
MLT,OILPROD,TOT,KTOE,A,2002,0,
MLT,OILPROD,TOT,KTOE,A,2003,0,
MLT,OILPROD,TOT,KTOE,A,2004,0,
MLT,OILPROD,TOT,KTOE,A,2005,0,
MLT,OILPROD,TOT,KTOE,A,2006,0,
MLT,OILPROD,TOT,KTOE,A,2007,0,
MLT,OILPROD,TOT,KTOE,A,2008,0,
MLT,OILPROD,TOT,KTOE,A,2009,0,
MLT,OILPROD,TOT,KTOE,A,2010,0,
MLT,OILPROD,TOT,KTOE,A,2011,0,
MLT,OILPROD,TOT,KTOE,A,2012,0,
MLT,OILPROD,TOT,KTOE,A,2013,0,
MLT,OILPROD,TOT,KTOE,A,2014,0,
MLT,OILPROD,TOT,KTOE,A,2015,0,
MLT,OILPROD,TOT,KTOE,A,2016,0,
MLT,OILPROD,TOT,KTOE,A,2017,0,
MDA,OILPROD,TOT,KTOE,A,2000,0,
MDA,OILPROD,TOT,KTOE,A,2001,0,
MDA,OILPROD,TOT,KTOE,A,2002,0,
MDA,OILPROD,TOT,KTOE,A,2003,0,
MDA,OILPROD,TOT,KTOE,A,2004,8.04,
MDA,OILPROD,TOT,KTOE,A,2005,5.025,
MDA,OILPROD,TOT,KTOE,A,2006,4.02,
MDA,OILPROD,TOT,KTOE,A,2007,8.04,
MDA,OILPROD,TOT,KTOE,A,2008,15.075,
MDA,OILPROD,TOT,KTOE,A,2009,17.085,
MDA,OILPROD,TOT,KTOE,A,2010,11.055,
MDA,OILPROD,TOT,KTOE,A,2011,13.065,
MDA,OILPROD,TOT,KTOE,A,2012,11.055,
MDA,OILPROD,TOT,KTOE,A,2013,10.05,
MDA,OILPROD,TOT,KTOE,A,2014,8.04,
MDA,OILPROD,TOT,KTOE,A,2015,7.035,
MDA,OILPROD,TOT,KTOE,A,2016,6.03,
MDA,OILPROD,TOT,KTOE,A,2017,6.03,
MOZ,OILPROD,TOT,KTOE,A,2000,0,
MOZ,OILPROD,TOT,KTOE,A,2001,0,
MOZ,OILPROD,TOT,KTOE,A,2002,0,
MOZ,OILPROD,TOT,KTOE,A,2003,0,
MOZ,OILPROD,TOT,KTOE,A,2004,13.091,
MOZ,OILPROD,TOT,KTOE,A,2005,21.147,
MOZ,OILPROD,TOT,KTOE,A,2006,25.175,
MOZ,OILPROD,TOT,KTOE,A,2007,25.175,
MOZ,OILPROD,TOT,KTOE,A,2008,28.196,
MOZ,OILPROD,TOT,KTOE,A,2009,27.189,
MOZ,OILPROD,TOT,KTOE,A,2010,30.21,
MOZ,OILPROD,TOT,KTOE,A,2011,31.217,
MOZ,OILPROD,TOT,KTOE,A,2012,35.245,
MOZ,OILPROD,TOT,KTOE,A,2013,49.343,
MOZ,OILPROD,TOT,KTOE,A,2014,59.413,
MOZ,OILPROD,TOT,KTOE,A,2015,0,
MOZ,OILPROD,TOT,KTOE,A,2016,0,
MOZ,OILPROD,TOT,KTOE,A,2017,0,
NGA,OILPROD,TOT,KTOE,A,2000,112792.331,
NGA,OILPROD,TOT,KTOE,A,2001,117777.848,
NGA,OILPROD,TOT,KTOE,A,2002,100831.38,
NGA,OILPROD,TOT,KTOE,A,2003,114916,
NGA,OILPROD,TOT,KTOE,A,2004,123901.773,
NGA,OILPROD,TOT,KTOE,A,2005,125059.581,
NGA,OILPROD,TOT,KTOE,A,2006,118326.122,
NGA,OILPROD,TOT,KTOE,A,2007,109314.824,
NGA,OILPROD,TOT,KTOE,A,2008,104650.921,
NGA,OILPROD,TOT,KTOE,A,2009,106230.399,
NGA,OILPROD,TOT,KTOE,A,2010,121980.261,
NGA,OILPROD,TOT,KTOE,A,2011,117923.85,
NGA,OILPROD,TOT,KTOE,A,2012,116091.165,
NGA,OILPROD,TOT,KTOE,A,2013,108972.791,
NGA,OILPROD,TOT,KTOE,A,2014,108707.332,
NGA,OILPROD,TOT,KTOE,A,2015,105293.126,
NGA,OILPROD,TOT,KTOE,A,2016,91208.507,
NGA,OILPROD,TOT,KTOE,A,2017,94939.221,
PAK,OILPROD,TOT,KTOE,A,2000,2833.232,
PAK,OILPROD,TOT,KTOE,A,2001,3117.056,
PAK,OILPROD,TOT,KTOE,A,2002,3152.158,
PAK,OILPROD,TOT,KTOE,A,2003,3040.835,
PAK,OILPROD,TOT,KTOE,A,2004,3241.418,
PAK,OILPROD,TOT,KTOE,A,2005,3216.345,
PAK,OILPROD,TOT,KTOE,A,2006,3307.61,
PAK,OILPROD,TOT,KTOE,A,2007,3440.998,
PAK,OILPROD,TOT,KTOE,A,2008,3229.383,
PAK,OILPROD,TOT,KTOE,A,2009,3186.258,
PAK,OILPROD,TOT,KTOE,A,2010,3231.389,
PAK,OILPROD,TOT,KTOE,A,2011,3302.596,
PAK,OILPROD,TOT,KTOE,A,2012,3741.872,
PAK,OILPROD,TOT,KTOE,A,2013,4244.332,
PAK,OILPROD,TOT,KTOE,A,2014,4635.468,
PAK,OILPROD,TOT,KTOE,A,2015,4253.358,
PAK,OILPROD,TOT,KTOE,A,2016,4173.125,
PAK,OILPROD,TOT,KTOE,A,2017,3892.309,
PRY,OILPROD,TOT,KTOE,A,2000,0,
PRY,OILPROD,TOT,KTOE,A,2001,0,
PRY,OILPROD,TOT,KTOE,A,2002,0,
PRY,OILPROD,TOT,KTOE,A,2003,0,
PRY,OILPROD,TOT,KTOE,A,2004,0,
PRY,OILPROD,TOT,KTOE,A,2005,0,
PRY,OILPROD,TOT,KTOE,A,2006,0,
PRY,OILPROD,TOT,KTOE,A,2007,0,
PRY,OILPROD,TOT,KTOE,A,2008,0,
PRY,OILPROD,TOT,KTOE,A,2009,0,
PRY,OILPROD,TOT,KTOE,A,2010,0,
PRY,OILPROD,TOT,KTOE,A,2011,0,
PRY,OILPROD,TOT,KTOE,A,2012,0,
PRY,OILPROD,TOT,KTOE,A,2013,0,
PRY,OILPROD,TOT,KTOE,A,2014,0,
PRY,OILPROD,TOT,KTOE,A,2015,0,
PRY,OILPROD,TOT,KTOE,A,2016,0,
PRY,OILPROD,TOT,KTOE,A,2017,0,
PER,OILPROD,TOT,KTOE,A,2000,5121.309,
PER,OILPROD,TOT,KTOE,A,2001,5000.831,
PER,OILPROD,TOT,KTOE,A,2002,4784.38,
PER,OILPROD,TOT,KTOE,A,2003,4920.173,
PER,OILPROD,TOT,KTOE,A,2004,4216.708,
PER,OILPROD,TOT,KTOE,A,2005,3973.711,
PER,OILPROD,TOT,KTOE,A,2006,4084.999,
PER,OILPROD,TOT,KTOE,A,2007,4060.495,
PER,OILPROD,TOT,KTOE,A,2008,4043.138,
PER,OILPROD,TOT,KTOE,A,2009,3740.924,
PER,OILPROD,TOT,KTOE,A,2010,3669.454,
PER,OILPROD,TOT,KTOE,A,2011,3511.2,
PER,OILPROD,TOT,KTOE,A,2012,3374.387,
PER,OILPROD,TOT,KTOE,A,2013,3175.293,
PER,OILPROD,TOT,KTOE,A,2014,3498.948,
PER,OILPROD,TOT,KTOE,A,2015,2928.212,
PER,OILPROD,TOT,KTOE,A,2016,2043.01,
PER,OILPROD,TOT,KTOE,A,2017,2196.159,
PHL,OILPROD,TOT,KTOE,A,2000,56.46,
PHL,OILPROD,TOT,KTOE,A,2001,105.985,
PHL,OILPROD,TOT,KTOE,A,2002,724.069,
PHL,OILPROD,TOT,KTOE,A,2003,678.505,
PHL,OILPROD,TOT,KTOE,A,2004,616.102,
PHL,OILPROD,TOT,KTOE,A,2005,784.49,
PHL,OILPROD,TOT,KTOE,A,2006,719.116,
PHL,OILPROD,TOT,KTOE,A,2007,804.3,
PHL,OILPROD,TOT,KTOE,A,2008,883.542,
PHL,OILPROD,TOT,KTOE,A,2009,1125.228,
PHL,OILPROD,TOT,KTOE,A,2010,981.603,
PHL,OILPROD,TOT,KTOE,A,2011,904.343,
PHL,OILPROD,TOT,KTOE,A,2012,773.594,
PHL,OILPROD,TOT,KTOE,A,2013,746.85,
PHL,OILPROD,TOT,KTOE,A,2014,900.381,
PHL,OILPROD,TOT,KTOE,A,2015,760.718,
PHL,OILPROD,TOT,KTOE,A,2016,752.794,
PHL,OILPROD,TOT,KTOE,A,2017,664.637,
ROU,OILPROD,TOT,KTOE,A,2000,5865.508,
ROU,OILPROD,TOT,KTOE,A,2001,5919.402,
ROU,OILPROD,TOT,KTOE,A,2002,5727.571,
ROU,OILPROD,TOT,KTOE,A,2003,5563.943,
ROU,OILPROD,TOT,KTOE,A,2004,5302.45,
ROU,OILPROD,TOT,KTOE,A,2005,5061.918,
ROU,OILPROD,TOT,KTOE,A,2006,4636.775,
ROU,OILPROD,TOT,KTOE,A,2007,4408.673,
ROU,OILPROD,TOT,KTOE,A,2008,4408.673,
ROU,OILPROD,TOT,KTOE,A,2009,4257.253,
ROU,OILPROD,TOT,KTOE,A,2010,4045.652,
ROU,OILPROD,TOT,KTOE,A,2011,3955.382,
ROU,OILPROD,TOT,KTOE,A,2012,3746.693,
ROU,OILPROD,TOT,KTOE,A,2013,3924.321,
ROU,OILPROD,TOT,KTOE,A,2014,3846.669,
ROU,OILPROD,TOT,KTOE,A,2015,3787.46,
ROU,OILPROD,TOT,KTOE,A,2016,3577.801,
ROU,OILPROD,TOT,KTOE,A,2017,3421.527,
RUS,OILPROD,TOT,KTOE,A,2000,312820.807,
RUS,OILPROD,TOT,KTOE,A,2001,336378.822,
RUS,OILPROD,TOT,KTOE,A,2002,366407.979,
RUS,OILPROD,TOT,KTOE,A,2003,406862.922,
RUS,OILPROD,TOT,KTOE,A,2004,442282.856,
RUS,OILPROD,TOT,KTOE,A,2005,451419.237,
RUS,OILPROD,TOT,KTOE,A,2006,460041.063,
RUS,OILPROD,TOT,KTOE,A,2007,470511.068,
RUS,OILPROD,TOT,KTOE,A,2008,471813.538,
RUS,OILPROD,TOT,KTOE,A,2009,479088.674,
RUS,OILPROD,TOT,KTOE,A,2010,487106.499,
RUS,OILPROD,TOT,KTOE,A,2011,494392.69,
RUS,OILPROD,TOT,KTOE,A,2012,499908.086,
RUS,OILPROD,TOT,KTOE,A,2013,499966.375,
RUS,OILPROD,TOT,KTOE,A,2014,505603.375,
RUS,OILPROD,TOT,KTOE,A,2015,512777.007,
RUS,OILPROD,TOT,KTOE,A,2016,524319.338,
RUS,OILPROD,TOT,KTOE,A,2017,525084.137,
SAU,OILPROD,TOT,KTOE,A,2000,410059.696,
SAU,OILPROD,TOT,KTOE,A,2001,396345.692,
SAU,OILPROD,TOT,KTOE,A,2002,359198.602,
SAU,OILPROD,TOT,KTOE,A,2003,425900.193,
SAU,OILPROD,TOT,KTOE,A,2004,451782.862,
SAU,OILPROD,TOT,KTOE,A,2005,473654.351,
SAU,OILPROD,TOT,KTOE,A,2006,466295.444,
SAU,OILPROD,TOT,KTOE,A,2007,446437.671,
SAU,OILPROD,TOT,KTOE,A,2008,467050.334,
SAU,OILPROD,TOT,KTOE,A,2009,414457.971,
SAU,OILPROD,TOT,KTOE,A,2010,413504.961,
SAU,OILPROD,TOT,KTOE,A,2011,471514.649,
SAU,OILPROD,TOT,KTOE,A,2012,495777.809,
SAU,OILPROD,TOT,KTOE,A,2013,488038.917,
SAU,OILPROD,TOT,KTOE,A,2014,491857.055,
SAU,OILPROD,TOT,KTOE,A,2015,516156.791,
SAU,OILPROD,TOT,KTOE,A,2016,531161.119,
SAU,OILPROD,TOT,KTOE,A,2017,507805.249,
SGP,OILPROD,TOT,KTOE,A,2000,0,
SGP,OILPROD,TOT,KTOE,A,2001,0,
SGP,OILPROD,TOT,KTOE,A,2002,0,
SGP,OILPROD,TOT,KTOE,A,2003,0,
SGP,OILPROD,TOT,KTOE,A,2004,0,
SGP,OILPROD,TOT,KTOE,A,2005,0,
SGP,OILPROD,TOT,KTOE,A,2006,0,
SGP,OILPROD,TOT,KTOE,A,2007,0,
SGP,OILPROD,TOT,KTOE,A,2008,0,
SGP,OILPROD,TOT,KTOE,A,2009,0,
SGP,OILPROD,TOT,KTOE,A,2010,0,
SGP,OILPROD,TOT,KTOE,A,2011,0,
SGP,OILPROD,TOT,KTOE,A,2012,0,
SGP,OILPROD,TOT,KTOE,A,2013,0,
SGP,OILPROD,TOT,KTOE,A,2014,0,
SGP,OILPROD,TOT,KTOE,A,2015,0,
SGP,OILPROD,TOT,KTOE,A,2016,0,
SGP,OILPROD,TOT,KTOE,A,2017,0,
SVN,OILPROD,TOT,KTOE,A,2000,0.994,
SVN,OILPROD,TOT,KTOE,A,2001,0,
SVN,OILPROD,TOT,KTOE,A,2002,0.994,
SVN,OILPROD,TOT,KTOE,A,2003,0,
SVN,OILPROD,TOT,KTOE,A,2004,0,
SVN,OILPROD,TOT,KTOE,A,2005,0,
SVN,OILPROD,TOT,KTOE,A,2006,0,
SVN,OILPROD,TOT,KTOE,A,2007,0,
SVN,OILPROD,TOT,KTOE,A,2008,0,
SVN,OILPROD,TOT,KTOE,A,2009,0,
SVN,OILPROD,TOT,KTOE,A,2010,0,
SVN,OILPROD,TOT,KTOE,A,2011,0,
SVN,OILPROD,TOT,KTOE,A,2012,0,
SVN,OILPROD,TOT,KTOE,A,2013,0,
SVN,OILPROD,TOT,KTOE,A,2014,0,
SVN,OILPROD,TOT,KTOE,A,2015,0,
SVN,OILPROD,TOT,KTOE,A,2016,0,
SVN,OILPROD,TOT,KTOE,A,2017,0,
ZAF,OILPROD,TOT,KTOE,A,2000,666.817,
ZAF,OILPROD,TOT,KTOE,A,2001,507.129,
ZAF,OILPROD,TOT,KTOE,A,2002,765.533,
ZAF,OILPROD,TOT,KTOE,A,2003,551.648,
ZAF,OILPROD,TOT,KTOE,A,2004,1434.285,
ZAF,OILPROD,TOT,KTOE,A,2005,678.43,
ZAF,OILPROD,TOT,KTOE,A,2006,661.978,
ZAF,OILPROD,TOT,KTOE,A,2007,0,
ZAF,OILPROD,TOT,KTOE,A,2008,0,
ZAF,OILPROD,TOT,KTOE,A,2009,279.695,
ZAF,OILPROD,TOT,KTOE,A,2010,294.212,
ZAF,OILPROD,TOT,KTOE,A,2011,294.212,
ZAF,OILPROD,TOT,KTOE,A,2012,51.294,
ZAF,OILPROD,TOT,KTOE,A,2013,63.875,
ZAF,OILPROD,TOT,KTOE,A,2014,157.752,
ZAF,OILPROD,TOT,KTOE,A,2015,157.752,
ZAF,OILPROD,TOT,KTOE,A,2016,105.491,
ZAF,OILPROD,TOT,KTOE,A,2017,105.491,
SDN,OILPROD,TOT,KTOE,A,2000,9016.506,
SDN,OILPROD,TOT,KTOE,A,2001,10581.185,
SDN,OILPROD,TOT,KTOE,A,2002,12251.738,
SDN,OILPROD,TOT,KTOE,A,2003,13488.619,
SDN,OILPROD,TOT,KTOE,A,2004,15321.035,
SDN,OILPROD,TOT,KTOE,A,2005,15524.637,
SDN,OILPROD,TOT,KTOE,A,2006,17560.655,
SDN,OILPROD,TOT,KTOE,A,2007,24228.614,
SDN,OILPROD,TOT,KTOE,A,2008,23513.971,
SDN,OILPROD,TOT,KTOE,A,2009,24165.497,
SDN,OILPROD,TOT,KTOE,A,2010,23520.079,
SDN,OILPROD,TOT,KTOE,A,2011,23039.579,
SDN,OILPROD,TOT,KTOE,A,2012,6379.862,
SDN,OILPROD,TOT,KTOE,A,2013,6006.253,
SDN,OILPROD,TOT,KTOE,A,2014,6108.054,
SDN,OILPROD,TOT,KTOE,A,2015,5344.547,
SDN,OILPROD,TOT,KTOE,A,2016,5190.828,
SDN,OILPROD,TOT,KTOE,A,2017,4293.962,
TWN,OILPROD,TOT,KTOE,A,2000,33.396,
TWN,OILPROD,TOT,KTOE,A,2001,37.444,
TWN,OILPROD,TOT,KTOE,A,2002,46.552,
TWN,OILPROD,TOT,KTOE,A,2003,41.492,
TWN,OILPROD,TOT,KTOE,A,2004,40.48,
TWN,OILPROD,TOT,KTOE,A,2005,29.348,
TWN,OILPROD,TOT,KTOE,A,2006,21.252,
TWN,OILPROD,TOT,KTOE,A,2007,16.192,
TWN,OILPROD,TOT,KTOE,A,2008,14.168,
TWN,OILPROD,TOT,KTOE,A,2009,14.168,
TWN,OILPROD,TOT,KTOE,A,2010,13.156,
TWN,OILPROD,TOT,KTOE,A,2011,10.12,
TWN,OILPROD,TOT,KTOE,A,2012,10.12,
TWN,OILPROD,TOT,KTOE,A,2013,9.108,
TWN,OILPROD,TOT,KTOE,A,2014,8.096,
TWN,OILPROD,TOT,KTOE,A,2015,8.096,
TWN,OILPROD,TOT,KTOE,A,2016,8.096,
TWN,OILPROD,TOT,KTOE,A,2017,5.06,
TZA,OILPROD,TOT,KTOE,A,2000,0,
TZA,OILPROD,TOT,KTOE,A,2001,0,
TZA,OILPROD,TOT,KTOE,A,2002,0,
TZA,OILPROD,TOT,KTOE,A,2003,0,
TZA,OILPROD,TOT,KTOE,A,2004,0,
TZA,OILPROD,TOT,KTOE,A,2005,0,
TZA,OILPROD,TOT,KTOE,A,2006,0,
TZA,OILPROD,TOT,KTOE,A,2007,0,
TZA,OILPROD,TOT,KTOE,A,2008,0,
TZA,OILPROD,TOT,KTOE,A,2009,0,
TZA,OILPROD,TOT,KTOE,A,2010,0,
TZA,OILPROD,TOT,KTOE,A,2011,0,
TZA,OILPROD,TOT,KTOE,A,2012,0,
TZA,OILPROD,TOT,KTOE,A,2013,0,
TZA,OILPROD,TOT,KTOE,A,2014,0,
TZA,OILPROD,TOT,KTOE,A,2015,0,
TZA,OILPROD,TOT,KTOE,A,2016,0,
TZA,OILPROD,TOT,KTOE,A,2017,0,
THA,OILPROD,TOT,KTOE,A,2000,5381.195,
THA,OILPROD,TOT,KTOE,A,2001,5533.897,
THA,OILPROD,TOT,KTOE,A,2002,6520.28,
THA,OILPROD,TOT,KTOE,A,2003,8021.004,
THA,OILPROD,TOT,KTOE,A,2004,7789.037,
THA,OILPROD,TOT,KTOE,A,2005,9254.461,
THA,OILPROD,TOT,KTOE,A,2006,10395.132,
THA,OILPROD,TOT,KTOE,A,2007,10836.877,
THA,OILPROD,TOT,KTOE,A,2008,11855.513,
THA,OILPROD,TOT,KTOE,A,2009,12032.01,
THA,OILPROD,TOT,KTOE,A,2010,12551.413,
THA,OILPROD,TOT,KTOE,A,2011,11556.982,
THA,OILPROD,TOT,KTOE,A,2012,12499.977,
THA,OILPROD,TOT,KTOE,A,2013,12428.37,
THA,OILPROD,TOT,KTOE,A,2014,11762.727,
THA,OILPROD,TOT,KTOE,A,2015,12532.251,
THA,OILPROD,TOT,KTOE,A,2016,12969.962,
THA,OILPROD,TOT,KTOE,A,2017,12065.292,
UKR,OILPROD,TOT,KTOE,A,2000,2639.109,
UKR,OILPROD,TOT,KTOE,A,2001,2630.064,
UKR,OILPROD,TOT,KTOE,A,2002,2638.104,
UKR,OILPROD,TOT,KTOE,A,2003,2828.047,
UKR,OILPROD,TOT,KTOE,A,2004,3017.991,
UKR,OILPROD,TOT,KTOE,A,2005,3164.719,
UKR,OILPROD,TOT,KTOE,A,2006,3357.678,
UKR,OILPROD,TOT,KTOE,A,2007,3326.523,
UKR,OILPROD,TOT,KTOE,A,2008,3199.894,
UKR,OILPROD,TOT,KTOE,A,2009,2918.496,
UKR,OILPROD,TOT,KTOE,A,2010,2594.889,
UKR,OILPROD,TOT,KTOE,A,2011,2450.17,
UKR,OILPROD,TOT,KTOE,A,2012,2301.431,
UKR,OILPROD,TOT,KTOE,A,2013,2182.842,
UKR,OILPROD,TOT,KTOE,A,2014,2052.193,
UKR,OILPROD,TOT,KTOE,A,2015,1886.37,
UKR,OILPROD,TOT,KTOE,A,2016,1631.102,
UKR,OILPROD,TOT,KTOE,A,2017,1513.518,
ARE,OILPROD,TOT,KTOE,A,2000,109368.777,
ARE,OILPROD,TOT,KTOE,A,2001,104643.179,
ARE,OILPROD,TOT,KTOE,A,2002,97848.987,
ARE,OILPROD,TOT,KTOE,A,2003,109965.33,
ARE,OILPROD,TOT,KTOE,A,2004,114955.61,
ARE,OILPROD,TOT,KTOE,A,2005,116324.832,
ARE,OILPROD,TOT,KTOE,A,2006,125619.254,
ARE,OILPROD,TOT,KTOE,A,2007,123711.505,
ARE,OILPROD,TOT,KTOE,A,2008,126168.979,
ARE,OILPROD,TOT,KTOE,A,2009,113651.541,
ARE,OILPROD,TOT,KTOE,A,2010,117808.071,
ARE,OILPROD,TOT,KTOE,A,2011,129974.297,
ARE,OILPROD,TOT,KTOE,A,2012,134854.632,
ARE,OILPROD,TOT,KTOE,A,2013,141786.255,
ARE,OILPROD,TOT,KTOE,A,2014,141618.283,
ARE,OILPROD,TOT,KTOE,A,2015,151518.421,
ARE,OILPROD,TOT,KTOE,A,2016,156965.787,
ARE,OILPROD,TOT,KTOE,A,2017,150944.264,
URY,OILPROD,TOT,KTOE,A,2000,0,
URY,OILPROD,TOT,KTOE,A,2001,0,
URY,OILPROD,TOT,KTOE,A,2002,0,
URY,OILPROD,TOT,KTOE,A,2003,0,
URY,OILPROD,TOT,KTOE,A,2004,0,
URY,OILPROD,TOT,KTOE,A,2005,0,
URY,OILPROD,TOT,KTOE,A,2006,0,
URY,OILPROD,TOT,KTOE,A,2007,0,
URY,OILPROD,TOT,KTOE,A,2008,0,
URY,OILPROD,TOT,KTOE,A,2009,0,
URY,OILPROD,TOT,KTOE,A,2010,0,
URY,OILPROD,TOT,KTOE,A,2011,0,
URY,OILPROD,TOT,KTOE,A,2012,0,
URY,OILPROD,TOT,KTOE,A,2013,0,
URY,OILPROD,TOT,KTOE,A,2014,0,
URY,OILPROD,TOT,KTOE,A,2015,0,
URY,OILPROD,TOT,KTOE,A,2016,0,
URY,OILPROD,TOT,KTOE,A,2017,0,
VNM,OILPROD,TOT,KTOE,A,2000,16564.024,
VNM,OILPROD,TOT,KTOE,A,2001,17033.326,
VNM,OILPROD,TOT,KTOE,A,2002,16898.949,
VNM,OILPROD,TOT,KTOE,A,2003,16896.913,
VNM,OILPROD,TOT,KTOE,A,2004,20412.098,
VNM,OILPROD,TOT,KTOE,A,2005,19056.11,
VNM,OILPROD,TOT,KTOE,A,2006,17306.153,
VNM,OILPROD,TOT,KTOE,A,2007,16498.872,
VNM,OILPROD,TOT,KTOE,A,2008,15521.583,
VNM,OILPROD,TOT,KTOE,A,2009,17041.47,
VNM,OILPROD,TOT,KTOE,A,2010,15773.031,
VNM,OILPROD,TOT,KTOE,A,2011,15936.931,
VNM,OILPROD,TOT,KTOE,A,2012,17492.448,
VNM,OILPROD,TOT,KTOE,A,2013,17491.43,
VNM,OILPROD,TOT,KTOE,A,2014,17705.212,
VNM,OILPROD,TOT,KTOE,A,2015,19083.596,
VNM,OILPROD,TOT,KTOE,A,2016,15473.737,
VNM,OILPROD,TOT,KTOE,A,2017,13844.922,
ZMB,OILPROD,TOT,KTOE,A,2000,0,
ZMB,OILPROD,TOT,KTOE,A,2001,0,
ZMB,OILPROD,TOT,KTOE,A,2002,0,
ZMB,OILPROD,TOT,KTOE,A,2003,0,
ZMB,OILPROD,TOT,KTOE,A,2004,0,
ZMB,OILPROD,TOT,KTOE,A,2005,0,
ZMB,OILPROD,TOT,KTOE,A,2006,0,
ZMB,OILPROD,TOT,KTOE,A,2007,0,
ZMB,OILPROD,TOT,KTOE,A,2008,0,
ZMB,OILPROD,TOT,KTOE,A,2009,0,
ZMB,OILPROD,TOT,KTOE,A,2010,0,
ZMB,OILPROD,TOT,KTOE,A,2011,0,
ZMB,OILPROD,TOT,KTOE,A,2012,0,
ZMB,OILPROD,TOT,KTOE,A,2013,0,
ZMB,OILPROD,TOT,KTOE,A,2014,0,
ZMB,OILPROD,TOT,KTOE,A,2015,0,
ZMB,OILPROD,TOT,KTOE,A,2016,0,
ZMB,OILPROD,TOT,KTOE,A,2017,0,
WLD,OILPROD,TOT,KTOE,A,2000,3412448.024,
WLD,OILPROD,TOT,KTOE,A,2001,3403869.993,
WLD,OILPROD,TOT,KTOE,A,2002,3370406.459,
WLD,OILPROD,TOT,KTOE,A,2003,3513329.52,
WLD,OILPROD,TOT,KTOE,A,2004,3673803.071,
WLD,OILPROD,TOT,KTOE,A,2005,3721735.682,
WLD,OILPROD,TOT,KTOE,A,2006,3743660.381,
WLD,OILPROD,TOT,KTOE,A,2007,3702596.621,
WLD,OILPROD,TOT,KTOE,A,2008,3733764.26,
WLD,OILPROD,TOT,KTOE,A,2009,3634503.314,
WLD,OILPROD,TOT,KTOE,A,2010,3686533.518,
WLD,OILPROD,TOT,KTOE,A,2011,3713363.697,
WLD,OILPROD,TOT,KTOE,A,2012,3779494.704,
WLD,OILPROD,TOT,KTOE,A,2013,3790655.516,
WLD,OILPROD,TOT,KTOE,A,2014,3860667.817,
WLD,OILPROD,TOT,KTOE,A,2015,3946103.38,
WLD,OILPROD,TOT,KTOE,A,2016,3991795.109,
WLD,OILPROD,TOT,KTOE,A,2017,3970914.672,
SRB,OILPROD,TOT,KTOE,A,2000,998.533,
SRB,OILPROD,TOT,KTOE,A,2001,917.874,
SRB,OILPROD,TOT,KTOE,A,2002,829.048,
SRB,OILPROD,TOT,KTOE,A,2003,789.229,
SRB,OILPROD,TOT,KTOE,A,2004,665.688,
SRB,OILPROD,TOT,KTOE,A,2005,662.625,
SRB,OILPROD,TOT,KTOE,A,2006,659.562,
SRB,OILPROD,TOT,KTOE,A,2007,654.458,
SRB,OILPROD,TOT,KTOE,A,2008,652.416,
SRB,OILPROD,TOT,KTOE,A,2009,677.664,
SRB,OILPROD,TOT,KTOE,A,2010,914.111,
SRB,OILPROD,TOT,KTOE,A,2011,1076.667,
SRB,OILPROD,TOT,KTOE,A,2012,1187.5,
SRB,OILPROD,TOT,KTOE,A,2013,1224.444,
SRB,OILPROD,TOT,KTOE,A,2014,1169.556,
SRB,OILPROD,TOT,KTOE,A,2015,1078.778,
SRB,OILPROD,TOT,KTOE,A,2016,981.667,
SRB,OILPROD,TOT,KTOE,A,2017,933.111,
MNE,OILPROD,TOT,KTOE,A,2000,,L
MNE,OILPROD,TOT,KTOE,A,2001,,L
MNE,OILPROD,TOT,KTOE,A,2002,,L
MNE,OILPROD,TOT,KTOE,A,2003,,L
MNE,OILPROD,TOT,KTOE,A,2004,,L
MNE,OILPROD,TOT,KTOE,A,2005,0,
MNE,OILPROD,TOT,KTOE,A,2006,0,
MNE,OILPROD,TOT,KTOE,A,2007,0,
MNE,OILPROD,TOT,KTOE,A,2008,0,
MNE,OILPROD,TOT,KTOE,A,2009,0,
MNE,OILPROD,TOT,KTOE,A,2010,0,
MNE,OILPROD,TOT,KTOE,A,2011,0,
MNE,OILPROD,TOT,KTOE,A,2012,0,
MNE,OILPROD,TOT,KTOE,A,2013,0,
MNE,OILPROD,TOT,KTOE,A,2014,0,
MNE,OILPROD,TOT,KTOE,A,2015,0,
MNE,OILPROD,TOT,KTOE,A,2016,0,
MNE,OILPROD,TOT,KTOE,A,2017,0,
EU28,OILPROD,TOT,KTOE,A,2000,162007.288,
EU28,OILPROD,TOT,KTOE,A,2001,150957.763,
EU28,OILPROD,TOT,KTOE,A,2002,153510.563,
EU28,OILPROD,TOT,KTOE,A,2003,143580.11,
EU28,OILPROD,TOT,KTOE,A,2004,133027.803,
EU28,OILPROD,TOT,KTOE,A,2005,120732.695,
EU28,OILPROD,TOT,KTOE,A,2006,109963.458,
EU28,OILPROD,TOT,KTOE,A,2007,109152.894,
EU28,OILPROD,TOT,KTOE,A,2008,101532.26,
EU28,OILPROD,TOT,KTOE,A,2009,95847.667,
EU28,OILPROD,TOT,KTOE,A,2010,89729.163,
EU28,OILPROD,TOT,KTOE,A,2011,78714.758,
EU28,OILPROD,TOT,KTOE,A,2012,70834.008,
EU28,OILPROD,TOT,KTOE,A,2013,66517.841,
EU28,OILPROD,TOT,KTOE,A,2014,65301.328,
EU28,OILPROD,TOT,KTOE,A,2015,69842.316,
EU28,OILPROD,TOT,KTOE,A,2016,68272.824,
EU28,OILPROD,TOT,KTOE,A,2017,66590.788,
G20,OILPROD,TOT,KTOE,A,2000,1830481.883,
G20,OILPROD,TOT,KTOE,A,2001,1834394.962,
G20,OILPROD,TOT,KTOE,A,2002,1845577.934,
G20,OILPROD,TOT,KTOE,A,2003,1960825.35,
G20,OILPROD,TOT,KTOE,A,2004,2004373.384,
G20,OILPROD,TOT,KTOE,A,2005,2012673.649,
G20,OILPROD,TOT,KTOE,A,2006,2005473.699,
G20,OILPROD,TOT,KTOE,A,2007,1979313.47,
G20,OILPROD,TOT,KTOE,A,2008,1984862.117,
G20,OILPROD,TOT,KTOE,A,2009,1941740.323,
G20,OILPROD,TOT,KTOE,A,2010,1977173.148,
G20,OILPROD,TOT,KTOE,A,2011,2042594.142,
G20,OILPROD,TOT,KTOE,A,2012,2116231.064,
G20,OILPROD,TOT,KTOE,A,2013,2154733.886,
G20,OILPROD,TOT,KTOE,A,2014,2249012.374,
G20,OILPROD,TOT,KTOE,A,2015,2315139.393,
G20,OILPROD,TOT,KTOE,A,2016,2301039.853,
G20,OILPROD,TOT,KTOE,A,2017,2294131.463,
OECD,OILPROD,TOT,KTOE,A,2000,895890.792,
OECD,OILPROD,TOT,KTOE,A,2001,884492.927,
OECD,OILPROD,TOT,KTOE,A,2002,892529.904,
OECD,OILPROD,TOT,KTOE,A,2003,896072.342,
OECD,OILPROD,TOT,KTOE,A,2004,866466.387,
OECD,OILPROD,TOT,KTOE,A,2005,823245.116,
OECD,OILPROD,TOT,KTOE,A,2006,798184.572,
OECD,OILPROD,TOT,KTOE,A,2007,779629.73,
OECD,OILPROD,TOT,KTOE,A,2008,752112.798,
OECD,OILPROD,TOT,KTOE,A,2009,743163.946,
OECD,OILPROD,TOT,KTOE,A,2010,735081.861,
OECD,OILPROD,TOT,KTOE,A,2011,731772.77,
OECD,OILPROD,TOT,KTOE,A,2012,768568.314,
OECD,OILPROD,TOT,KTOE,A,2013,814786.205,
OECD,OILPROD,TOT,KTOE,A,2014,890833.706,
OECD,OILPROD,TOT,KTOE,A,2015,915252.752,
OECD,OILPROD,TOT,KTOE,A,2016,888970.544,
OECD,OILPROD,TOT,KTOE,A,2017,909292.718,
AGO,OILPROD,TOT,KTOE,A,2000,37598.124,
AGO,OILPROD,TOT,KTOE,A,2001,37234.65,
AGO,OILPROD,TOT,KTOE,A,2002,44969.705,
AGO,OILPROD,TOT,KTOE,A,2003,44651.155,
AGO,OILPROD,TOT,KTOE,A,2004,50481.034,
AGO,OILPROD,TOT,KTOE,A,2005,63622.255,
AGO,OILPROD,TOT,KTOE,A,2006,71973.99,
AGO,OILPROD,TOT,KTOE,A,2007,86690.606,
AGO,OILPROD,TOT,KTOE,A,2008,97302.823,
AGO,OILPROD,TOT,KTOE,A,2009,92346.915,
AGO,OILPROD,TOT,KTOE,A,2010,89725.001,
AGO,OILPROD,TOT,KTOE,A,2011,82598.459,
AGO,OILPROD,TOT,KTOE,A,2012,87226.628,
AGO,OILPROD,TOT,KTOE,A,2013,87578.871,
AGO,OILPROD,TOT,KTOE,A,2014,85338.809,
AGO,OILPROD,TOT,KTOE,A,2015,90844.011,
AGO,OILPROD,TOT,KTOE,A,2016,86219.927,
AGO,OILPROD,TOT,KTOE,A,2017,82888.422,
BHR,OILPROD,TOT,KTOE,A,2000,9517.54,
BHR,OILPROD,TOT,KTOE,A,2001,9277.842,
BHR,OILPROD,TOT,KTOE,A,2002,9399.221,
BHR,OILPROD,TOT,KTOE,A,2003,9596.079,
BHR,OILPROD,TOT,KTOE,A,2004,9557.319,
BHR,OILPROD,TOT,KTOE,A,2005,9488.98,
BHR,OILPROD,TOT,KTOE,A,2006,9322.721,
BHR,OILPROD,TOT,KTOE,A,2007,9372.701,
BHR,OILPROD,TOT,KTOE,A,2008,9317.621,
BHR,OILPROD,TOT,KTOE,A,2009,9267.642,
BHR,OILPROD,TOT,KTOE,A,2010,9249.282,
BHR,OILPROD,TOT,KTOE,A,2011,9677.678,
BHR,OILPROD,TOT,KTOE,A,2012,8820.886,
BHR,OILPROD,TOT,KTOE,A,2013,10049.975,
BHR,OILPROD,TOT,KTOE,A,2014,10294.773,
BHR,OILPROD,TOT,KTOE,A,2015,10249.894,
BHR,OILPROD,TOT,KTOE,A,2016,10303.953,
BHR,OILPROD,TOT,KTOE,A,2017,10022.436,
BEN,OILPROD,TOT,KTOE,A,2000,0,
BEN,OILPROD,TOT,KTOE,A,2001,0,
BEN,OILPROD,TOT,KTOE,A,2002,0,
BEN,OILPROD,TOT,KTOE,A,2003,0,
BEN,OILPROD,TOT,KTOE,A,2004,0,
BEN,OILPROD,TOT,KTOE,A,2005,0,
BEN,OILPROD,TOT,KTOE,A,2006,0,
BEN,OILPROD,TOT,KTOE,A,2007,0,
BEN,OILPROD,TOT,KTOE,A,2008,0,
BEN,OILPROD,TOT,KTOE,A,2009,0,
BEN,OILPROD,TOT,KTOE,A,2010,0,
BEN,OILPROD,TOT,KTOE,A,2011,0,
BEN,OILPROD,TOT,KTOE,A,2012,0,
BEN,OILPROD,TOT,KTOE,A,2013,0,
BEN,OILPROD,TOT,KTOE,A,2014,0,
BEN,OILPROD,TOT,KTOE,A,2015,0,
BEN,OILPROD,TOT,KTOE,A,2016,0,
BEN,OILPROD,TOT,KTOE,A,2017,0,
BOL,OILPROD,TOT,KTOE,A,2000,1592.851,
BOL,OILPROD,TOT,KTOE,A,2001,1814.339,
BOL,OILPROD,TOT,KTOE,A,2002,1840.214,
BOL,OILPROD,TOT,KTOE,A,2003,2004.777,
BOL,OILPROD,TOT,KTOE,A,2004,2354.604,
BOL,OILPROD,TOT,KTOE,A,2005,2571.952,
BOL,OILPROD,TOT,KTOE,A,2006,2472.593,
BOL,OILPROD,TOT,KTOE,A,2007,2496.398,
BOL,OILPROD,TOT,KTOE,A,2008,2379.444,
BOL,OILPROD,TOT,KTOE,A,2009,2065.842,
BOL,OILPROD,TOT,KTOE,A,2010,2123.801,
BOL,OILPROD,TOT,KTOE,A,2011,2174.516,
BOL,OILPROD,TOT,KTOE,A,2012,2544.008,
BOL,OILPROD,TOT,KTOE,A,2013,2910.394,
BOL,OILPROD,TOT,KTOE,A,2014,3136.022,
BOL,OILPROD,TOT,KTOE,A,2015,2776.881,
BOL,OILPROD,TOT,KTOE,A,2016,2716.851,
BOL,OILPROD,TOT,KTOE,A,2017,2579.197,
BWA,OILPROD,TOT,KTOE,A,2000,0,
BWA,OILPROD,TOT,KTOE,A,2001,0,
BWA,OILPROD,TOT,KTOE,A,2002,0,
BWA,OILPROD,TOT,KTOE,A,2003,0,
BWA,OILPROD,TOT,KTOE,A,2004,0,
BWA,OILPROD,TOT,KTOE,A,2005,0,
BWA,OILPROD,TOT,KTOE,A,2006,0,
BWA,OILPROD,TOT,KTOE,A,2007,0,
BWA,OILPROD,TOT,KTOE,A,2008,0,
BWA,OILPROD,TOT,KTOE,A,2009,0,
BWA,OILPROD,TOT,KTOE,A,2010,0,
BWA,OILPROD,TOT,KTOE,A,2011,0,
BWA,OILPROD,TOT,KTOE,A,2012,0,
BWA,OILPROD,TOT,KTOE,A,2013,0,
BWA,OILPROD,TOT,KTOE,A,2014,0,
BWA,OILPROD,TOT,KTOE,A,2015,0,
BWA,OILPROD,TOT,KTOE,A,2016,0,
BWA,OILPROD,TOT,KTOE,A,2017,0,
CMR,OILPROD,TOT,KTOE,A,2000,5863.941,
CMR,OILPROD,TOT,KTOE,A,2001,5302.187,
CMR,OILPROD,TOT,KTOE,A,2002,5538.448,
CMR,OILPROD,TOT,KTOE,A,2003,5255.543,
CMR,OILPROD,TOT,KTOE,A,2004,5008.128,
CMR,OILPROD,TOT,KTOE,A,2005,4594.418,
CMR,OILPROD,TOT,KTOE,A,2006,4682.635,
CMR,OILPROD,TOT,KTOE,A,2007,4437.248,
CMR,OILPROD,TOT,KTOE,A,2008,4362.212,
CMR,OILPROD,TOT,KTOE,A,2009,3809.584,
CMR,OILPROD,TOT,KTOE,A,2010,3350.244,
CMR,OILPROD,TOT,KTOE,A,2011,3038.947,
CMR,OILPROD,TOT,KTOE,A,2012,3146.431,
CMR,OILPROD,TOT,KTOE,A,2013,3414.126,
CMR,OILPROD,TOT,KTOE,A,2014,3867.382,
CMR,OILPROD,TOT,KTOE,A,2015,4792.147,
CMR,OILPROD,TOT,KTOE,A,2016,4738.405,
CMR,OILPROD,TOT,KTOE,A,2017,3948.502,
COG,OILPROD,TOT,KTOE,A,2000,13550.595,
COG,OILPROD,TOT,KTOE,A,2001,12410.787,
COG,OILPROD,TOT,KTOE,A,2002,11965.934,
COG,OILPROD,TOT,KTOE,A,2003,10972.702,
COG,OILPROD,TOT,KTOE,A,2004,11489.305,
COG,OILPROD,TOT,KTOE,A,2005,12574.788,
COG,OILPROD,TOT,KTOE,A,2006,14246.575,
COG,OILPROD,TOT,KTOE,A,2007,11658.431,
COG,OILPROD,TOT,KTOE,A,2008,12393.362,
COG,OILPROD,TOT,KTOE,A,2009,14174.824,
COG,OILPROD,TOT,KTOE,A,2010,16182.813,
COG,OILPROD,TOT,KTOE,A,2011,15369.982,
COG,OILPROD,TOT,KTOE,A,2012,14137.924,
COG,OILPROD,TOT,KTOE,A,2013,12456.912,
COG,OILPROD,TOT,KTOE,A,2014,13129.317,
COG,OILPROD,TOT,KTOE,A,2015,12171.96,
COG,OILPROD,TOT,KTOE,A,2016,12330.836,
COG,OILPROD,TOT,KTOE,A,2017,14543.827,
CRI,OILPROD,TOT,KTOE,A,2000,0,
CRI,OILPROD,TOT,KTOE,A,2001,0,
CRI,OILPROD,TOT,KTOE,A,2002,0,
CRI,OILPROD,TOT,KTOE,A,2003,0,
CRI,OILPROD,TOT,KTOE,A,2004,0,
CRI,OILPROD,TOT,KTOE,A,2005,0,
CRI,OILPROD,TOT,KTOE,A,2006,0,
CRI,OILPROD,TOT,KTOE,A,2007,0,
CRI,OILPROD,TOT,KTOE,A,2008,0,
CRI,OILPROD,TOT,KTOE,A,2009,0,
CRI,OILPROD,TOT,KTOE,A,2010,0,
CRI,OILPROD,TOT,KTOE,A,2011,0,
CRI,OILPROD,TOT,KTOE,A,2012,0,
CRI,OILPROD,TOT,KTOE,A,2013,0,
CRI,OILPROD,TOT,KTOE,A,2014,0,
CRI,OILPROD,TOT,KTOE,A,2015,0,
CRI,OILPROD,TOT,KTOE,A,2016,0,
CRI,OILPROD,TOT,KTOE,A,2017,0,
CIV,OILPROD,TOT,KTOE,A,2000,370.555,
CIV,OILPROD,TOT,KTOE,A,2001,307.439,
CIV,OILPROD,TOT,KTOE,A,2002,762.489,
CIV,OILPROD,TOT,KTOE,A,2003,1073.999,
CIV,OILPROD,TOT,KTOE,A,2004,1325.448,
CIV,OILPROD,TOT,KTOE,A,2005,2080.81,
CIV,OILPROD,TOT,KTOE,A,2006,3191.458,
CIV,OILPROD,TOT,KTOE,A,2007,2461.546,
CIV,OILPROD,TOT,KTOE,A,2008,2323.096,
CIV,OILPROD,TOT,KTOE,A,2009,2318.006,
CIV,OILPROD,TOT,KTOE,A,2010,2007.514,
CIV,OILPROD,TOT,KTOE,A,2011,1708.219,
CIV,OILPROD,TOT,KTOE,A,2012,1485.275,
CIV,OILPROD,TOT,KTOE,A,2013,1276.583,
CIV,OILPROD,TOT,KTOE,A,2014,965.073,
CIV,OILPROD,TOT,KTOE,A,2015,1373.294,
CIV,OILPROD,TOT,KTOE,A,2016,2043.144,
CIV,OILPROD,TOT,KTOE,A,2017,1654.265,
CUB,OILPROD,TOT,KTOE,A,2000,2739.479,
CUB,OILPROD,TOT,KTOE,A,2001,2933.631,
CUB,OILPROD,TOT,KTOE,A,2002,3687.877,
CUB,OILPROD,TOT,KTOE,A,2003,3740.736,
CUB,OILPROD,TOT,KTOE,A,2004,3306.688,
CUB,OILPROD,TOT,KTOE,A,2005,2983.44,
CUB,OILPROD,TOT,KTOE,A,2006,2947.862,
CUB,OILPROD,TOT,KTOE,A,2007,2952.945,
CUB,OILPROD,TOT,KTOE,A,2008,3052.562,
CUB,OILPROD,TOT,KTOE,A,2009,2776.073,
CUB,OILPROD,TOT,KTOE,A,2010,3074.925,
CUB,OILPROD,TOT,KTOE,A,2011,3061.711,
CUB,OILPROD,TOT,KTOE,A,2012,3048.496,
CUB,OILPROD,TOT,KTOE,A,2013,2944.813,
CUB,OILPROD,TOT,KTOE,A,2014,2952.945,
CUB,OILPROD,TOT,KTOE,A,2015,2868.575,
CUB,OILPROD,TOT,KTOE,A,2016,2584.97,
CUB,OILPROD,TOT,KTOE,A,2017,2382.686,
PRK,OILPROD,TOT,KTOE,A,2000,0,
PRK,OILPROD,TOT,KTOE,A,2001,0,
PRK,OILPROD,TOT,KTOE,A,2002,0,
PRK,OILPROD,TOT,KTOE,A,2003,0,
PRK,OILPROD,TOT,KTOE,A,2004,0,
PRK,OILPROD,TOT,KTOE,A,2005,0,
PRK,OILPROD,TOT,KTOE,A,2006,0,
PRK,OILPROD,TOT,KTOE,A,2007,0,
PRK,OILPROD,TOT,KTOE,A,2008,0,
PRK,OILPROD,TOT,KTOE,A,2009,0,
PRK,OILPROD,TOT,KTOE,A,2010,0,
PRK,OILPROD,TOT,KTOE,A,2011,0,
PRK,OILPROD,TOT,KTOE,A,2012,0,
PRK,OILPROD,TOT,KTOE,A,2013,0,
PRK,OILPROD,TOT,KTOE,A,2014,0,
PRK,OILPROD,TOT,KTOE,A,2015,0,
PRK,OILPROD,TOT,KTOE,A,2016,0,
PRK,OILPROD,TOT,KTOE,A,2017,0,
COD,OILPROD,TOT,KTOE,A,2000,1177.181,
COD,OILPROD,TOT,KTOE,A,2001,1247.671,
COD,OILPROD,TOT,KTOE,A,2002,1172.146,
COD,OILPROD,TOT,KTOE,A,2003,1295,
COD,OILPROD,TOT,KTOE,A,2004,1407.783,
COD,OILPROD,TOT,KTOE,A,2005,1277.881,
COD,OILPROD,TOT,KTOE,A,2006,1252.706,
COD,OILPROD,TOT,KTOE,A,2007,1226.524,
COD,OILPROD,TOT,KTOE,A,2008,1163.083,
COD,OILPROD,TOT,KTOE,A,2009,1115.754,
COD,OILPROD,TOT,KTOE,A,2010,1115.754,
COD,OILPROD,TOT,KTOE,A,2011,1213.433,
COD,OILPROD,TOT,KTOE,A,2012,1205.377,
COD,OILPROD,TOT,KTOE,A,2013,1136.901,
COD,OILPROD,TOT,KTOE,A,2014,1068.425,
COD,OILPROD,TOT,KTOE,A,2015,1055.334,
COD,OILPROD,TOT,KTOE,A,2016,1002.97,
COD,OILPROD,TOT,KTOE,A,2017,955.641,
DOM,OILPROD,TOT,KTOE,A,2000,0,
DOM,OILPROD,TOT,KTOE,A,2001,0,
DOM,OILPROD,TOT,KTOE,A,2002,0,
DOM,OILPROD,TOT,KTOE,A,2003,0,
DOM,OILPROD,TOT,KTOE,A,2004,0,
DOM,OILPROD,TOT,KTOE,A,2005,0,
DOM,OILPROD,TOT,KTOE,A,2006,0,
DOM,OILPROD,TOT,KTOE,A,2007,0,
DOM,OILPROD,TOT,KTOE,A,2008,0,
DOM,OILPROD,TOT,KTOE,A,2009,0,
DOM,OILPROD,TOT,KTOE,A,2010,0,
DOM,OILPROD,TOT,KTOE,A,2011,0,
DOM,OILPROD,TOT,KTOE,A,2012,0,
DOM,OILPROD,TOT,KTOE,A,2013,0,
DOM,OILPROD,TOT,KTOE,A,2014,0,
DOM,OILPROD,TOT,KTOE,A,2015,0,
DOM,OILPROD,TOT,KTOE,A,2016,0,
DOM,OILPROD,TOT,KTOE,A,2017,0,
ECU,OILPROD,TOT,KTOE,A,2000,20827,
ECU,OILPROD,TOT,KTOE,A,2001,21197,
ECU,OILPROD,TOT,KTOE,A,2002,20466,
ECU,OILPROD,TOT,KTOE,A,2003,21908,
ECU,OILPROD,TOT,KTOE,A,2004,26032,
ECU,OILPROD,TOT,KTOE,A,2005,25874,
ECU,OILPROD,TOT,KTOE,A,2006,26389,
ECU,OILPROD,TOT,KTOE,A,2007,25339,
ECU,OILPROD,TOT,KTOE,A,2008,25203,
ECU,OILPROD,TOT,KTOE,A,2009,24356,
ECU,OILPROD,TOT,KTOE,A,2010,24354,
ECU,OILPROD,TOT,KTOE,A,2011,25066,
ECU,OILPROD,TOT,KTOE,A,2012,25432,
ECU,OILPROD,TOT,KTOE,A,2013,26554,
ECU,OILPROD,TOT,KTOE,A,2014,27902,
ECU,OILPROD,TOT,KTOE,A,2015,27552,
ECU,OILPROD,TOT,KTOE,A,2016,27897,
ECU,OILPROD,TOT,KTOE,A,2017,26676,
SLV,OILPROD,TOT,KTOE,A,2000,0,
SLV,OILPROD,TOT,KTOE,A,2001,0,
SLV,OILPROD,TOT,KTOE,A,2002,0,
SLV,OILPROD,TOT,KTOE,A,2003,0,
SLV,OILPROD,TOT,KTOE,A,2004,0,
SLV,OILPROD,TOT,KTOE,A,2005,0,
SLV,OILPROD,TOT,KTOE,A,2006,0,
SLV,OILPROD,TOT,KTOE,A,2007,0,
SLV,OILPROD,TOT,KTOE,A,2008,0,
SLV,OILPROD,TOT,KTOE,A,2009,0,
SLV,OILPROD,TOT,KTOE,A,2010,0,
SLV,OILPROD,TOT,KTOE,A,2011,0,
SLV,OILPROD,TOT,KTOE,A,2012,0,
SLV,OILPROD,TOT,KTOE,A,2013,0,
SLV,OILPROD,TOT,KTOE,A,2014,0,
SLV,OILPROD,TOT,KTOE,A,2015,0,
SLV,OILPROD,TOT,KTOE,A,2016,0,
SLV,OILPROD,TOT,KTOE,A,2017,0,
ERI,OILPROD,TOT,KTOE,A,2000,0,
ERI,OILPROD,TOT,KTOE,A,2001,0,
ERI,OILPROD,TOT,KTOE,A,2002,0,
ERI,OILPROD,TOT,KTOE,A,2003,0,
ERI,OILPROD,TOT,KTOE,A,2004,0,
ERI,OILPROD,TOT,KTOE,A,2005,0,
ERI,OILPROD,TOT,KTOE,A,2006,0,
ERI,OILPROD,TOT,KTOE,A,2007,0,
ERI,OILPROD,TOT,KTOE,A,2008,0,
ERI,OILPROD,TOT,KTOE,A,2009,0,
ERI,OILPROD,TOT,KTOE,A,2010,0,
ERI,OILPROD,TOT,KTOE,A,2011,0,
ERI,OILPROD,TOT,KTOE,A,2012,0,
ERI,OILPROD,TOT,KTOE,A,2013,0,
ERI,OILPROD,TOT,KTOE,A,2014,0,
ERI,OILPROD,TOT,KTOE,A,2015,0,
ERI,OILPROD,TOT,KTOE,A,2016,0,
ERI,OILPROD,TOT,KTOE,A,2017,0,
GAB,OILPROD,TOT,KTOE,A,2000,13538.501,
GAB,OILPROD,TOT,KTOE,A,2001,13303.341,
GAB,OILPROD,TOT,KTOE,A,2002,12758.707,
GAB,OILPROD,TOT,KTOE,A,2003,13731.923,
GAB,OILPROD,TOT,KTOE,A,2004,13723.779,
GAB,OILPROD,TOT,KTOE,A,2005,13533.411,
GAB,OILPROD,TOT,KTOE,A,2006,12130.595,
GAB,OILPROD,TOT,KTOE,A,2007,12335.215,
GAB,OILPROD,TOT,KTOE,A,2008,12041.01,
GAB,OILPROD,TOT,KTOE,A,2009,12017.596,
GAB,OILPROD,TOT,KTOE,A,2010,12641.636,
GAB,OILPROD,TOT,KTOE,A,2011,12265.99,
GAB,OILPROD,TOT,KTOE,A,2012,11764.112,
GAB,OILPROD,TOT,KTOE,A,2013,11201.153,
GAB,OILPROD,TOT,KTOE,A,2014,11162.468,
GAB,OILPROD,TOT,KTOE,A,2015,11710.157,
GAB,OILPROD,TOT,KTOE,A,2016,11570.69,
GAB,OILPROD,TOT,KTOE,A,2017,10194.342,
GTM,OILPROD,TOT,KTOE,A,2000,1145.816,
GTM,OILPROD,TOT,KTOE,A,2001,1165.082,
GTM,OILPROD,TOT,KTOE,A,2002,1362.811,
GTM,OILPROD,TOT,KTOE,A,2003,1365.853,
GTM,OILPROD,TOT,KTOE,A,2004,1117.424,
GTM,OILPROD,TOT,KTOE,A,2005,1018.052,
GTM,OILPROD,TOT,KTOE,A,2006,884.205,
GTM,OILPROD,TOT,KTOE,A,2007,837.561,
GTM,OILPROD,TOT,KTOE,A,2008,773.679,
GTM,OILPROD,TOT,KTOE,A,2009,746.301,
GTM,OILPROD,TOT,KTOE,A,2010,660.112,
GTM,OILPROD,TOT,KTOE,A,2011,604.342,
GTM,OILPROD,TOT,KTOE,A,2012,587.104,
GTM,OILPROD,TOT,KTOE,A,2013,551.614,
GTM,OILPROD,TOT,KTOE,A,2014,573.922,
GTM,OILPROD,TOT,KTOE,A,2015,554.656,
GTM,OILPROD,TOT,KTOE,A,2016,496.858,
GTM,OILPROD,TOT,KTOE,A,2017,532.348,
HND,OILPROD,TOT,KTOE,A,2000,0,
HND,OILPROD,TOT,KTOE,A,2001,0,
HND,OILPROD,TOT,KTOE,A,2002,0,
HND,OILPROD,TOT,KTOE,A,2003,0,
HND,OILPROD,TOT,KTOE,A,2004,0,
HND,OILPROD,TOT,KTOE,A,2005,0,
HND,OILPROD,TOT,KTOE,A,2006,0,
HND,OILPROD,TOT,KTOE,A,2007,0,
HND,OILPROD,TOT,KTOE,A,2008,0,
HND,OILPROD,TOT,KTOE,A,2009,0,
HND,OILPROD,TOT,KTOE,A,2010,0,
HND,OILPROD,TOT,KTOE,A,2011,0,
HND,OILPROD,TOT,KTOE,A,2012,0,
HND,OILPROD,TOT,KTOE,A,2013,0,
HND,OILPROD,TOT,KTOE,A,2014,0,
HND,OILPROD,TOT,KTOE,A,2015,0,
HND,OILPROD,TOT,KTOE,A,2016,0,
HND,OILPROD,TOT,KTOE,A,2017,0,
IRQ,OILPROD,TOT,KTOE,A,2000,131614.176,
IRQ,OILPROD,TOT,KTOE,A,2001,130468.415,
IRQ,OILPROD,TOT,KTOE,A,2002,112364.368,
IRQ,OILPROD,TOT,KTOE,A,2003,78361.866,
IRQ,OILPROD,TOT,KTOE,A,2004,102709.286,
IRQ,OILPROD,TOT,KTOE,A,2005,94832.18,
IRQ,OILPROD,TOT,KTOE,A,2006,98617.283,
IRQ,OILPROD,TOT,KTOE,A,2007,102606.986,
IRQ,OILPROD,TOT,KTOE,A,2008,114106.539,
IRQ,OILPROD,TOT,KTOE,A,2009,118062.483,
IRQ,OILPROD,TOT,KTOE,A,2010,118539.202,
IRQ,OILPROD,TOT,KTOE,A,2011,133578.337,
IRQ,OILPROD,TOT,KTOE,A,2012,148234.871,
IRQ,OILPROD,TOT,KTOE,A,2013,149705.946,
IRQ,OILPROD,TOT,KTOE,A,2014,156422.969,
IRQ,OILPROD,TOT,KTOE,A,2015,175842.595,
IRQ,OILPROD,TOT,KTOE,A,2016,225406.986,
IRQ,OILPROD,TOT,KTOE,A,2017,228213.078,
JAM,OILPROD,TOT,KTOE,A,2000,0,
JAM,OILPROD,TOT,KTOE,A,2001,0,
JAM,OILPROD,TOT,KTOE,A,2002,0,
JAM,OILPROD,TOT,KTOE,A,2003,0,
JAM,OILPROD,TOT,KTOE,A,2004,0,
JAM,OILPROD,TOT,KTOE,A,2005,0,
JAM,OILPROD,TOT,KTOE,A,2006,0,
JAM,OILPROD,TOT,KTOE,A,2007,0,
JAM,OILPROD,TOT,KTOE,A,2008,0,
JAM,OILPROD,TOT,KTOE,A,2009,0,
JAM,OILPROD,TOT,KTOE,A,2010,0,
JAM,OILPROD,TOT,KTOE,A,2011,0,
JAM,OILPROD,TOT,KTOE,A,2012,0,
JAM,OILPROD,TOT,KTOE,A,2013,0,
JAM,OILPROD,TOT,KTOE,A,2014,0,
JAM,OILPROD,TOT,KTOE,A,2015,0,
JAM,OILPROD,TOT,KTOE,A,2016,0,
JAM,OILPROD,TOT,KTOE,A,2017,0,
JOR,OILPROD,TOT,KTOE,A,2000,2.04,
JOR,OILPROD,TOT,KTOE,A,2001,2.04,
JOR,OILPROD,TOT,KTOE,A,2002,1.02,
JOR,OILPROD,TOT,KTOE,A,2003,1.02,
JOR,OILPROD,TOT,KTOE,A,2004,1.02,
JOR,OILPROD,TOT,KTOE,A,2005,1.02,
JOR,OILPROD,TOT,KTOE,A,2006,1.02,
JOR,OILPROD,TOT,KTOE,A,2007,1.02,
JOR,OILPROD,TOT,KTOE,A,2008,2.04,
JOR,OILPROD,TOT,KTOE,A,2009,1.02,
JOR,OILPROD,TOT,KTOE,A,2010,1.02,
JOR,OILPROD,TOT,KTOE,A,2011,1.02,
JOR,OILPROD,TOT,KTOE,A,2012,1.02,
JOR,OILPROD,TOT,KTOE,A,2013,1.02,
JOR,OILPROD,TOT,KTOE,A,2014,1.02,
JOR,OILPROD,TOT,KTOE,A,2015,0,
JOR,OILPROD,TOT,KTOE,A,2016,0,
JOR,OILPROD,TOT,KTOE,A,2017,0,
KEN,OILPROD,TOT,KTOE,A,2000,0,
KEN,OILPROD,TOT,KTOE,A,2001,0,
KEN,OILPROD,TOT,KTOE,A,2002,0,
KEN,OILPROD,TOT,KTOE,A,2003,0,
KEN,OILPROD,TOT,KTOE,A,2004,0,
KEN,OILPROD,TOT,KTOE,A,2005,0,
KEN,OILPROD,TOT,KTOE,A,2006,0,
KEN,OILPROD,TOT,KTOE,A,2007,0,
KEN,OILPROD,TOT,KTOE,A,2008,0,
KEN,OILPROD,TOT,KTOE,A,2009,0,
KEN,OILPROD,TOT,KTOE,A,2010,0,
KEN,OILPROD,TOT,KTOE,A,2011,0,
KEN,OILPROD,TOT,KTOE,A,2012,0,
KEN,OILPROD,TOT,KTOE,A,2013,0,
KEN,OILPROD,TOT,KTOE,A,2014,0,
KEN,OILPROD,TOT,KTOE,A,2015,0,
KEN,OILPROD,TOT,KTOE,A,2016,0,
KEN,OILPROD,TOT,KTOE,A,2017,0,
KWT,OILPROD,TOT,KTOE,A,2000,102491.302,
KWT,OILPROD,TOT,KTOE,A,2001,100283.528,
KWT,OILPROD,TOT,KTOE,A,2002,89922.333,
KWT,OILPROD,TOT,KTOE,A,2003,108553.79,
KWT,OILPROD,TOT,KTOE,A,2004,118202.767,
KWT,OILPROD,TOT,KTOE,A,2005,132542.629,
KWT,OILPROD,TOT,KTOE,A,2006,136207.351,
KWT,OILPROD,TOT,KTOE,A,2007,132603.589,
KWT,OILPROD,TOT,KTOE,A,2008,138207.86,
KWT,OILPROD,TOT,KTOE,A,2009,116485.723,
KWT,OILPROD,TOT,KTOE,A,2010,119087.706,
KWT,OILPROD,TOT,KTOE,A,2011,136937.857,
KWT,OILPROD,TOT,KTOE,A,2012,153734.413,
KWT,OILPROD,TOT,KTOE,A,2013,150480.156,
KWT,OILPROD,TOT,KTOE,A,2014,147644.493,
KWT,OILPROD,TOT,KTOE,A,2015,147238.092,
KWT,OILPROD,TOT,KTOE,A,2016,152154.529,
KWT,OILPROD,TOT,KTOE,A,2017,142816.448,
KGZ,OILPROD,TOT,KTOE,A,2000,77.384,
KGZ,OILPROD,TOT,KTOE,A,2001,76.379,
KGZ,OILPROD,TOT,KTOE,A,2002,76.379,
KGZ,OILPROD,TOT,KTOE,A,2003,70.349,
KGZ,OILPROD,TOT,KTOE,A,2004,74.369,
KGZ,OILPROD,TOT,KTOE,A,2005,78.389,
KGZ,OILPROD,TOT,KTOE,A,2006,71.354,
KGZ,OILPROD,TOT,KTOE,A,2007,69.344,
KGZ,OILPROD,TOT,KTOE,A,2008,71.354,
KGZ,OILPROD,TOT,KTOE,A,2009,77.384,
KGZ,OILPROD,TOT,KTOE,A,2010,83.414,
KGZ,OILPROD,TOT,KTOE,A,2011,77.384,
KGZ,OILPROD,TOT,KTOE,A,2012,79.394,
KGZ,OILPROD,TOT,KTOE,A,2013,84.419,
KGZ,OILPROD,TOT,KTOE,A,2014,82.409,
KGZ,OILPROD,TOT,KTOE,A,2015,107.534,
KGZ,OILPROD,TOT,KTOE,A,2016,145.724,
KGZ,OILPROD,TOT,KTOE,A,2017,145.724,
LBN,OILPROD,TOT,KTOE,A,2000,0,
LBN,OILPROD,TOT,KTOE,A,2001,0,
LBN,OILPROD,TOT,KTOE,A,2002,0,
LBN,OILPROD,TOT,KTOE,A,2003,0,
LBN,OILPROD,TOT,KTOE,A,2004,0,
LBN,OILPROD,TOT,KTOE,A,2005,0,
LBN,OILPROD,TOT,KTOE,A,2006,0,
LBN,OILPROD,TOT,KTOE,A,2007,0,
LBN,OILPROD,TOT,KTOE,A,2008,0,
LBN,OILPROD,TOT,KTOE,A,2009,0,
LBN,OILPROD,TOT,KTOE,A,2010,0,
LBN,OILPROD,TOT,KTOE,A,2011,0,
LBN,OILPROD,TOT,KTOE,A,2012,0,
LBN,OILPROD,TOT,KTOE,A,2013,0,
LBN,OILPROD,TOT,KTOE,A,2014,0,
LBN,OILPROD,TOT,KTOE,A,2015,0,
LBN,OILPROD,TOT,KTOE,A,2016,0,
LBN,OILPROD,TOT,KTOE,A,2017,0,
LBY,OILPROD,TOT,KTOE,A,2000,66804.646,
LBY,OILPROD,TOT,KTOE,A,2001,65449.019,
LBY,OILPROD,TOT,KTOE,A,2002,65079.303,
LBY,OILPROD,TOT,KTOE,A,2003,70816.067,
LBY,OILPROD,TOT,KTOE,A,2004,80113.404,
LBY,OILPROD,TOT,KTOE,A,2005,83730.461,
LBY,OILPROD,TOT,KTOE,A,2006,87090.771,
LBY,OILPROD,TOT,KTOE,A,2007,88580.933,
LBY,OILPROD,TOT,KTOE,A,2008,87199.632,
LBY,OILPROD,TOT,KTOE,A,2009,80275.668,
LBY,OILPROD,TOT,KTOE,A,2010,83459.336,
LBY,OILPROD,TOT,KTOE,A,2011,24197.929,
LBY,OILPROD,TOT,KTOE,A,2012,71902.622,
LBY,OILPROD,TOT,KTOE,A,2013,49398.199,
LBY,OILPROD,TOT,KTOE,A,2014,23736.81,
LBY,OILPROD,TOT,KTOE,A,2015,19861.979,
LBY,OILPROD,TOT,KTOE,A,2016,18684.022,
LBY,OILPROD,TOT,KTOE,A,2017,39518.559,
MNG,OILPROD,TOT,KTOE,A,2000,9.063,
MNG,OILPROD,TOT,KTOE,A,2001,10.07,
MNG,OILPROD,TOT,KTOE,A,2002,19.133,
MNG,OILPROD,TOT,KTOE,A,2003,25.175,
MNG,OILPROD,TOT,KTOE,A,2004,30.21,
MNG,OILPROD,TOT,KTOE,A,2005,27.189,
MNG,OILPROD,TOT,KTOE,A,2006,52.364,
MNG,OILPROD,TOT,KTOE,A,2007,116.812,
MNG,OILPROD,TOT,KTOE,A,2008,162.127,
MNG,OILPROD,TOT,KTOE,A,2009,257.792,
MNG,OILPROD,TOT,KTOE,A,2010,301.092,
MNG,OILPROD,TOT,KTOE,A,2011,351.442,
MNG,OILPROD,TOT,KTOE,A,2012,501.485,
MNG,OILPROD,TOT,KTOE,A,2013,707.92,
MNG,OILPROD,TOT,KTOE,A,2014,1021.096,
MNG,OILPROD,TOT,KTOE,A,2015,1209.405,
MNG,OILPROD,TOT,KTOE,A,2016,1137.908,
MNG,OILPROD,TOT,KTOE,A,2017,1051.306,
MAR,OILPROD,TOT,KTOE,A,2000,12.09,
MAR,OILPROD,TOT,KTOE,A,2001,9.3,
MAR,OILPROD,TOT,KTOE,A,2002,12.09,
MAR,OILPROD,TOT,KTOE,A,2003,9.3,
MAR,OILPROD,TOT,KTOE,A,2004,10.23,
MAR,OILPROD,TOT,KTOE,A,2005,6.51,
MAR,OILPROD,TOT,KTOE,A,2006,9.3,
MAR,OILPROD,TOT,KTOE,A,2007,10.23,
MAR,OILPROD,TOT,KTOE,A,2008,8.37,
MAR,OILPROD,TOT,KTOE,A,2009,7.44,
MAR,OILPROD,TOT,KTOE,A,2010,9.3,
MAR,OILPROD,TOT,KTOE,A,2011,9.3,
MAR,OILPROD,TOT,KTOE,A,2012,6.51,
MAR,OILPROD,TOT,KTOE,A,2013,7.44,
MAR,OILPROD,TOT,KTOE,A,2014,4.65,
MAR,OILPROD,TOT,KTOE,A,2015,4.65,
MAR,OILPROD,TOT,KTOE,A,2016,4.65,
MAR,OILPROD,TOT,KTOE,A,2017,4.65,
MMR,OILPROD,TOT,KTOE,A,2000,563.025,
MMR,OILPROD,TOT,KTOE,A,2001,658.88,
MMR,OILPROD,TOT,KTOE,A,2002,869.762,
MMR,OILPROD,TOT,KTOE,A,2003,975.707,
MMR,OILPROD,TOT,KTOE,A,2004,989.833,
MMR,OILPROD,TOT,KTOE,A,2005,1124.031,
MMR,OILPROD,TOT,KTOE,A,2006,1058.446,
MMR,OILPROD,TOT,KTOE,A,2007,1055.419,
MMR,OILPROD,TOT,KTOE,A,2008,1001.941,
MMR,OILPROD,TOT,KTOE,A,2009,959.563,
MMR,OILPROD,TOT,KTOE,A,2010,927.275,
MMR,OILPROD,TOT,KTOE,A,2011,863.708,
MMR,OILPROD,TOT,KTOE,A,2012,828.393,
MMR,OILPROD,TOT,KTOE,A,2013,858.663,
MMR,OILPROD,TOT,KTOE,A,2014,763.816,
MMR,OILPROD,TOT,KTOE,A,2015,563.025,
MMR,OILPROD,TOT,KTOE,A,2016,594.304,
MMR,OILPROD,TOT,KTOE,A,2017,594.304,
NAM,OILPROD,TOT,KTOE,A,2000,0,
NAM,OILPROD,TOT,KTOE,A,2001,0,
NAM,OILPROD,TOT,KTOE,A,2002,0,
NAM,OILPROD,TOT,KTOE,A,2003,0,
NAM,OILPROD,TOT,KTOE,A,2004,0,
NAM,OILPROD,TOT,KTOE,A,2005,0,
NAM,OILPROD,TOT,KTOE,A,2006,0,
NAM,OILPROD,TOT,KTOE,A,2007,0,
NAM,OILPROD,TOT,KTOE,A,2008,0,
NAM,OILPROD,TOT,KTOE,A,2009,0,
NAM,OILPROD,TOT,KTOE,A,2010,0,
NAM,OILPROD,TOT,KTOE,A,2011,0,
NAM,OILPROD,TOT,KTOE,A,2012,0,
NAM,OILPROD,TOT,KTOE,A,2013,0,
NAM,OILPROD,TOT,KTOE,A,2014,0,
NAM,OILPROD,TOT,KTOE,A,2015,0,
NAM,OILPROD,TOT,KTOE,A,2016,0,
NAM,OILPROD,TOT,KTOE,A,2017,0,
NPL,OILPROD,TOT,KTOE,A,2000,0,
NPL,OILPROD,TOT,KTOE,A,2001,0,
NPL,OILPROD,TOT,KTOE,A,2002,0,
NPL,OILPROD,TOT,KTOE,A,2003,0,
NPL,OILPROD,TOT,KTOE,A,2004,0,
NPL,OILPROD,TOT,KTOE,A,2005,0,
NPL,OILPROD,TOT,KTOE,A,2006,0,
NPL,OILPROD,TOT,KTOE,A,2007,0,
NPL,OILPROD,TOT,KTOE,A,2008,0,
NPL,OILPROD,TOT,KTOE,A,2009,0,
NPL,OILPROD,TOT,KTOE,A,2010,0,
NPL,OILPROD,TOT,KTOE,A,2011,0,
NPL,OILPROD,TOT,KTOE,A,2012,0,
NPL,OILPROD,TOT,KTOE,A,2013,0,
NPL,OILPROD,TOT,KTOE,A,2014,0,
NPL,OILPROD,TOT,KTOE,A,2015,0,
NPL,OILPROD,TOT,KTOE,A,2016,0,
NPL,OILPROD,TOT,KTOE,A,2017,0,
NIC,OILPROD,TOT,KTOE,A,2000,0,
NIC,OILPROD,TOT,KTOE,A,2001,0,
NIC,OILPROD,TOT,KTOE,A,2002,0,
NIC,OILPROD,TOT,KTOE,A,2003,0,
NIC,OILPROD,TOT,KTOE,A,2004,0,
NIC,OILPROD,TOT,KTOE,A,2005,0,
NIC,OILPROD,TOT,KTOE,A,2006,0,
NIC,OILPROD,TOT,KTOE,A,2007,0,
NIC,OILPROD,TOT,KTOE,A,2008,0,
NIC,OILPROD,TOT,KTOE,A,2009,0,
NIC,OILPROD,TOT,KTOE,A,2010,0,
NIC,OILPROD,TOT,KTOE,A,2011,0,
NIC,OILPROD,TOT,KTOE,A,2012,0,
NIC,OILPROD,TOT,KTOE,A,2013,0,
NIC,OILPROD,TOT,KTOE,A,2014,0,
NIC,OILPROD,TOT,KTOE,A,2015,0,
NIC,OILPROD,TOT,KTOE,A,2016,0,
NIC,OILPROD,TOT,KTOE,A,2017,0,
NER,OILPROD,TOT,KTOE,A,2000,0,
NER,OILPROD,TOT,KTOE,A,2001,0,
NER,OILPROD,TOT,KTOE,A,2002,0,
NER,OILPROD,TOT,KTOE,A,2003,0,
NER,OILPROD,TOT,KTOE,A,2004,0,
NER,OILPROD,TOT,KTOE,A,2005,0,
NER,OILPROD,TOT,KTOE,A,2006,0,
NER,OILPROD,TOT,KTOE,A,2007,0,
NER,OILPROD,TOT,KTOE,A,2008,0,
NER,OILPROD,TOT,KTOE,A,2009,0,
NER,OILPROD,TOT,KTOE,A,2010,0,
NER,OILPROD,TOT,KTOE,A,2011,93.651,
NER,OILPROD,TOT,KTOE,A,2012,640.451,
NER,OILPROD,TOT,KTOE,A,2013,882.13,
NER,OILPROD,TOT,KTOE,A,2014,849.906,
NER,OILPROD,TOT,KTOE,A,2015,746.186,
NER,OILPROD,TOT,KTOE,A,2016,741.151,
NER,OILPROD,TOT,KTOE,A,2017,828.76,
OMN,OILPROD,TOT,KTOE,A,2000,51219.888,
OMN,OILPROD,TOT,KTOE,A,2001,51131.149,
OMN,OILPROD,TOT,KTOE,A,2002,47995.695,
OMN,OILPROD,TOT,KTOE,A,2003,43833.11,
OMN,OILPROD,TOT,KTOE,A,2004,41825.767,
OMN,OILPROD,TOT,KTOE,A,2005,41444.291,
OMN,OILPROD,TOT,KTOE,A,2006,39451.227,
OMN,OILPROD,TOT,KTOE,A,2007,37985.5,
OMN,OILPROD,TOT,KTOE,A,2008,37860.041,
OMN,OILPROD,TOT,KTOE,A,2009,40498.759,
OMN,OILPROD,TOT,KTOE,A,2010,43080.357,
OMN,OILPROD,TOT,KTOE,A,2011,44104.428,
OMN,OILPROD,TOT,KTOE,A,2012,45967.952,
OMN,OILPROD,TOT,KTOE,A,2013,47070.563,
OMN,OILPROD,TOT,KTOE,A,2014,47215.402,
OMN,OILPROD,TOT,KTOE,A,2015,49027.927,
OMN,OILPROD,TOT,KTOE,A,2016,50396.755,
OMN,OILPROD,TOT,KTOE,A,2017,48740.289,
PAN,OILPROD,TOT,KTOE,A,2000,0,
PAN,OILPROD,TOT,KTOE,A,2001,0,
PAN,OILPROD,TOT,KTOE,A,2002,0,
PAN,OILPROD,TOT,KTOE,A,2003,0,
PAN,OILPROD,TOT,KTOE,A,2004,0,
PAN,OILPROD,TOT,KTOE,A,2005,0,
PAN,OILPROD,TOT,KTOE,A,2006,0,
PAN,OILPROD,TOT,KTOE,A,2007,0,
PAN,OILPROD,TOT,KTOE,A,2008,0,
PAN,OILPROD,TOT,KTOE,A,2009,0,
PAN,OILPROD,TOT,KTOE,A,2010,0,
PAN,OILPROD,TOT,KTOE,A,2011,0,
PAN,OILPROD,TOT,KTOE,A,2012,0,
PAN,OILPROD,TOT,KTOE,A,2013,0,
PAN,OILPROD,TOT,KTOE,A,2014,0,
PAN,OILPROD,TOT,KTOE,A,2015,0,
PAN,OILPROD,TOT,KTOE,A,2016,0,
PAN,OILPROD,TOT,KTOE,A,2017,0,
QAT,OILPROD,TOT,KTOE,A,2000,31548.54,
QAT,OILPROD,TOT,KTOE,A,2001,32600.192,
QAT,OILPROD,TOT,KTOE,A,2002,34120.838,
QAT,OILPROD,TOT,KTOE,A,2003,33133.698,
QAT,OILPROD,TOT,KTOE,A,2004,37743.764,
QAT,OILPROD,TOT,KTOE,A,2005,38083.733,
QAT,OILPROD,TOT,KTOE,A,2006,40642.719,
QAT,OILPROD,TOT,KTOE,A,2007,39470.235,
QAT,OILPROD,TOT,KTOE,A,2008,42114.213,
QAT,OILPROD,TOT,KTOE,A,2009,36533.391,
QAT,OILPROD,TOT,KTOE,A,2010,36539.535,
QAT,OILPROD,TOT,KTOE,A,2011,36548.751,
QAT,OILPROD,TOT,KTOE,A,2012,36656.272,
QAT,OILPROD,TOT,KTOE,A,2013,36071.565,
QAT,OILPROD,TOT,KTOE,A,2014,35336.33,
QAT,OILPROD,TOT,KTOE,A,2015,32681.088,
QAT,OILPROD,TOT,KTOE,A,2016,32561.28,
QAT,OILPROD,TOT,KTOE,A,2017,30507.128,
SEN,OILPROD,TOT,KTOE,A,2000,0,
SEN,OILPROD,TOT,KTOE,A,2001,0,
SEN,OILPROD,TOT,KTOE,A,2002,0,
SEN,OILPROD,TOT,KTOE,A,2003,0,
SEN,OILPROD,TOT,KTOE,A,2004,0,
SEN,OILPROD,TOT,KTOE,A,2005,0,
SEN,OILPROD,TOT,KTOE,A,2006,0,
SEN,OILPROD,TOT,KTOE,A,2007,0,
SEN,OILPROD,TOT,KTOE,A,2008,0,
SEN,OILPROD,TOT,KTOE,A,2009,0,
SEN,OILPROD,TOT,KTOE,A,2010,0,
SEN,OILPROD,TOT,KTOE,A,2011,0,
SEN,OILPROD,TOT,KTOE,A,2012,0,
SEN,OILPROD,TOT,KTOE,A,2013,0,
SEN,OILPROD,TOT,KTOE,A,2014,0,
SEN,OILPROD,TOT,KTOE,A,2015,0,
SEN,OILPROD,TOT,KTOE,A,2016,0,
SEN,OILPROD,TOT,KTOE,A,2017,0,
LKA,OILPROD,TOT,KTOE,A,2000,0,
LKA,OILPROD,TOT,KTOE,A,2001,0,
LKA,OILPROD,TOT,KTOE,A,2002,0,
LKA,OILPROD,TOT,KTOE,A,2003,0,
LKA,OILPROD,TOT,KTOE,A,2004,0,
LKA,OILPROD,TOT,KTOE,A,2005,0,
LKA,OILPROD,TOT,KTOE,A,2006,0,
LKA,OILPROD,TOT,KTOE,A,2007,0,
LKA,OILPROD,TOT,KTOE,A,2008,0,
LKA,OILPROD,TOT,KTOE,A,2009,0,
LKA,OILPROD,TOT,KTOE,A,2010,0,
LKA,OILPROD,TOT,KTOE,A,2011,0,
LKA,OILPROD,TOT,KTOE,A,2012,0,
LKA,OILPROD,TOT,KTOE,A,2013,0,
LKA,OILPROD,TOT,KTOE,A,2014,0,
LKA,OILPROD,TOT,KTOE,A,2015,0,
LKA,OILPROD,TOT,KTOE,A,2016,0,
LKA,OILPROD,TOT,KTOE,A,2017,0,
SYR,OILPROD,TOT,KTOE,A,2000,27447.044,
SYR,OILPROD,TOT,KTOE,A,2001,29075.514,
SYR,OILPROD,TOT,KTOE,A,2002,31374.648,
SYR,OILPROD,TOT,KTOE,A,2003,30240.14,
SYR,OILPROD,TOT,KTOE,A,2004,22278.51,
SYR,OILPROD,TOT,KTOE,A,2005,20754.455,
SYR,OILPROD,TOT,KTOE,A,2006,19417.142,
SYR,OILPROD,TOT,KTOE,A,2007,18553.712,
SYR,OILPROD,TOT,KTOE,A,2008,18721.378,
SYR,OILPROD,TOT,KTOE,A,2009,18398.093,
SYR,OILPROD,TOT,KTOE,A,2010,19863.917,
SYR,OILPROD,TOT,KTOE,A,2011,18104.929,
SYR,OILPROD,TOT,KTOE,A,2012,8285.919,
SYR,OILPROD,TOT,KTOE,A,2013,2554.147,
SYR,OILPROD,TOT,KTOE,A,2014,1305.185,
SYR,OILPROD,TOT,KTOE,A,2015,1078.284,
SYR,OILPROD,TOT,KTOE,A,2016,1021.057,
SYR,OILPROD,TOT,KTOE,A,2017,1021.057,
TJK,OILPROD,TOT,KTOE,A,2000,18.09,
TJK,OILPROD,TOT,KTOE,A,2001,16.08,
TJK,OILPROD,TOT,KTOE,A,2002,16.08,
TJK,OILPROD,TOT,KTOE,A,2003,16.08,
TJK,OILPROD,TOT,KTOE,A,2004,19.095,
TJK,OILPROD,TOT,KTOE,A,2005,22.11,
TJK,OILPROD,TOT,KTOE,A,2006,24.12,
TJK,OILPROD,TOT,KTOE,A,2007,26.13,
TJK,OILPROD,TOT,KTOE,A,2008,26.13,
TJK,OILPROD,TOT,KTOE,A,2009,26.13,
TJK,OILPROD,TOT,KTOE,A,2010,27.135,
TJK,OILPROD,TOT,KTOE,A,2011,28.14,
TJK,OILPROD,TOT,KTOE,A,2012,30.15,
TJK,OILPROD,TOT,KTOE,A,2013,27.135,
TJK,OILPROD,TOT,KTOE,A,2014,25.125,
TJK,OILPROD,TOT,KTOE,A,2015,25.125,
TJK,OILPROD,TOT,KTOE,A,2016,25.125,
TJK,OILPROD,TOT,KTOE,A,2017,25.125,
TGO,OILPROD,TOT,KTOE,A,2000,0,
TGO,OILPROD,TOT,KTOE,A,2001,0,
TGO,OILPROD,TOT,KTOE,A,2002,0,
TGO,OILPROD,TOT,KTOE,A,2003,0,
TGO,OILPROD,TOT,KTOE,A,2004,0,
TGO,OILPROD,TOT,KTOE,A,2005,0,
TGO,OILPROD,TOT,KTOE,A,2006,0,
TGO,OILPROD,TOT,KTOE,A,2007,0,
TGO,OILPROD,TOT,KTOE,A,2008,0,
TGO,OILPROD,TOT,KTOE,A,2009,0,
TGO,OILPROD,TOT,KTOE,A,2010,0,
TGO,OILPROD,TOT,KTOE,A,2011,0,
TGO,OILPROD,TOT,KTOE,A,2012,0,
TGO,OILPROD,TOT,KTOE,A,2013,0,
TGO,OILPROD,TOT,KTOE,A,2014,0,
TGO,OILPROD,TOT,KTOE,A,2015,0,
TGO,OILPROD,TOT,KTOE,A,2016,0,
TGO,OILPROD,TOT,KTOE,A,2017,0,
TTO,OILPROD,TOT,KTOE,A,2000,6178.134,
TTO,OILPROD,TOT,KTOE,A,2001,5879.469,
TTO,OILPROD,TOT,KTOE,A,2002,6776.474,
TTO,OILPROD,TOT,KTOE,A,2003,6990.383,
TTO,OILPROD,TOT,KTOE,A,2004,6374.89,
TTO,OILPROD,TOT,KTOE,A,2005,7488.831,
TTO,OILPROD,TOT,KTOE,A,2006,7441.408,
TTO,OILPROD,TOT,KTOE,A,2007,6290.134,
TTO,OILPROD,TOT,KTOE,A,2008,5927.901,
TTO,OILPROD,TOT,KTOE,A,2009,5558.606,
TTO,OILPROD,TOT,KTOE,A,2010,5092.446,
TTO,OILPROD,TOT,KTOE,A,2011,4781.672,
TTO,OILPROD,TOT,KTOE,A,2012,4263.044,
TTO,OILPROD,TOT,KTOE,A,2013,4221.675,
TTO,OILPROD,TOT,KTOE,A,2014,4226.72,
TTO,OILPROD,TOT,KTOE,A,2015,4091.513,
TTO,OILPROD,TOT,KTOE,A,2016,3728.272,
TTO,OILPROD,TOT,KTOE,A,2017,3780.74,
TUN,OILPROD,TOT,KTOE,A,2000,3740.957,
TUN,OILPROD,TOT,KTOE,A,2001,3420.627,
TUN,OILPROD,TOT,KTOE,A,2002,3553.497,
TUN,OILPROD,TOT,KTOE,A,2003,3230.077,
TUN,OILPROD,TOT,KTOE,A,2004,3412.387,
TUN,OILPROD,TOT,KTOE,A,2005,3479.337,
TUN,OILPROD,TOT,KTOE,A,2006,3357.797,
TUN,OILPROD,TOT,KTOE,A,2007,4686.496,
TUN,OILPROD,TOT,KTOE,A,2008,4277.586,
TUN,OILPROD,TOT,KTOE,A,2009,4031.416,
TUN,OILPROD,TOT,KTOE,A,2010,3807.906,
TUN,OILPROD,TOT,KTOE,A,2011,3333.077,
TUN,OILPROD,TOT,KTOE,A,2012,3288.787,
TUN,OILPROD,TOT,KTOE,A,2013,2967.427,
TUN,OILPROD,TOT,KTOE,A,2014,2649.158,
TUN,OILPROD,TOT,KTOE,A,2015,2404.018,
TUN,OILPROD,TOT,KTOE,A,2016,2262.908,
TUN,OILPROD,TOT,KTOE,A,2017,1907.558,
TKM,OILPROD,TOT,KTOE,A,2000,7216.847,
TKM,OILPROD,TOT,KTOE,A,2001,7700.248,
TKM,OILPROD,TOT,KTOE,A,2002,9054.977,
TKM,OILPROD,TOT,KTOE,A,2003,10053.939,
TKM,OILPROD,TOT,KTOE,A,2004,10101.173,
TKM,OILPROD,TOT,KTOE,A,2005,9567.523,
TKM,OILPROD,TOT,KTOE,A,2006,8361.532,
TKM,OILPROD,TOT,KTOE,A,2007,9135.376,
TKM,OILPROD,TOT,KTOE,A,2008,9848.92,
TKM,OILPROD,TOT,KTOE,A,2009,9598.677,
TKM,OILPROD,TOT,KTOE,A,2010,9828.821,
TKM,OILPROD,TOT,KTOE,A,2011,10517.24,
TKM,OILPROD,TOT,KTOE,A,2012,10957.426,
TKM,OILPROD,TOT,KTOE,A,2013,11709.16,
TKM,OILPROD,TOT,KTOE,A,2014,11858.904,
TKM,OILPROD,TOT,KTOE,A,2015,12110.152,
TKM,OILPROD,TOT,KTOE,A,2016,11135.31,
TKM,OILPROD,TOT,KTOE,A,2017,10379.556,
UZB,OILPROD,TOT,KTOE,A,2000,7546.484,
UZB,OILPROD,TOT,KTOE,A,2001,7224.887,
UZB,OILPROD,TOT,KTOE,A,2002,7090.218,
UZB,OILPROD,TOT,KTOE,A,2003,7723.363,
UZB,OILPROD,TOT,KTOE,A,2004,7916.321,
UZB,OILPROD,TOT,KTOE,A,2005,5426.956,
UZB,OILPROD,TOT,KTOE,A,2006,5426.956,
UZB,OILPROD,TOT,KTOE,A,2007,4924.46,
UZB,OILPROD,TOT,KTOE,A,2008,4823.961,
UZB,OILPROD,TOT,KTOE,A,2009,4522.463,
UZB,OILPROD,TOT,KTOE,A,2010,3788.819,
UZB,OILPROD,TOT,KTOE,A,2011,3567.721,
UZB,OILPROD,TOT,KTOE,A,2012,3180.799,
UZB,OILPROD,TOT,KTOE,A,2013,3011.961,
UZB,OILPROD,TOT,KTOE,A,2014,2835.082,
UZB,OILPROD,TOT,KTOE,A,2015,2633.079,
UZB,OILPROD,TOT,KTOE,A,2016,2430.07,
UZB,OILPROD,TOT,KTOE,A,2017,2328.566,
VEN,OILPROD,TOT,KTOE,A,2000,170920.626,
VEN,OILPROD,TOT,KTOE,A,2001,169384.122,
VEN,OILPROD,TOT,KTOE,A,2002,155866.515,
VEN,OILPROD,TOT,KTOE,A,2003,137562.025,
VEN,OILPROD,TOT,KTOE,A,2004,174434.926,
VEN,OILPROD,TOT,KTOE,A,2005,180931.412,
VEN,OILPROD,TOT,KTOE,A,2006,183927.489,
VEN,OILPROD,TOT,KTOE,A,2007,157998.175,
VEN,OILPROD,TOT,KTOE,A,2008,161640.695,
VEN,OILPROD,TOT,KTOE,A,2009,163475.311,
VEN,OILPROD,TOT,KTOE,A,2010,161789.216,
VEN,OILPROD,TOT,KTOE,A,2011,162239.055,
VEN,OILPROD,TOT,KTOE,A,2012,157950.092,
VEN,OILPROD,TOT,KTOE,A,2013,156394.355,
VEN,OILPROD,TOT,KTOE,A,2014,150325.269,
VEN,OILPROD,TOT,KTOE,A,2015,149089.013,
VEN,OILPROD,TOT,KTOE,A,2016,134000.711,
VEN,OILPROD,TOT,KTOE,A,2017,117662.262,
YEM,OILPROD,TOT,KTOE,A,2000,21531.864,
YEM,OILPROD,TOT,KTOE,A,2001,21570.889,
YEM,OILPROD,TOT,KTOE,A,2002,21553.43,
YEM,OILPROD,TOT,KTOE,A,2003,21196.038,
YEM,OILPROD,TOT,KTOE,A,2004,19878.41,
YEM,OILPROD,TOT,KTOE,A,2005,19689.444,
YEM,OILPROD,TOT,KTOE,A,2006,17969.237,
YEM,OILPROD,TOT,KTOE,A,2007,15724.238,
YEM,OILPROD,TOT,KTOE,A,2008,14033.813,
YEM,OILPROD,TOT,KTOE,A,2009,13687.717,
YEM,OILPROD,TOT,KTOE,A,2010,13010.931,
YEM,OILPROD,TOT,KTOE,A,2011,9670.134,
YEM,OILPROD,TOT,KTOE,A,2012,7595.615,
YEM,OILPROD,TOT,KTOE,A,2013,8506.555,
YEM,OILPROD,TOT,KTOE,A,2014,7140.659,
YEM,OILPROD,TOT,KTOE,A,2015,1451.136,
YEM,OILPROD,TOT,KTOE,A,2016,890.4,
YEM,OILPROD,TOT,KTOE,A,2017,1836.257,
ZWE,OILPROD,TOT,KTOE,A,2000,0,
ZWE,OILPROD,TOT,KTOE,A,2001,0,
ZWE,OILPROD,TOT,KTOE,A,2002,0,
ZWE,OILPROD,TOT,KTOE,A,2003,0,
ZWE,OILPROD,TOT,KTOE,A,2004,0,
ZWE,OILPROD,TOT,KTOE,A,2005,0,
ZWE,OILPROD,TOT,KTOE,A,2006,0,
ZWE,OILPROD,TOT,KTOE,A,2007,0,
ZWE,OILPROD,TOT,KTOE,A,2008,0,
ZWE,OILPROD,TOT,KTOE,A,2009,0,
ZWE,OILPROD,TOT,KTOE,A,2010,0,
ZWE,OILPROD,TOT,KTOE,A,2011,0,
ZWE,OILPROD,TOT,KTOE,A,2012,0,
ZWE,OILPROD,TOT,KTOE,A,2013,0,
ZWE,OILPROD,TOT,KTOE,A,2014,0,
ZWE,OILPROD,TOT,KTOE,A,2015,0,
ZWE,OILPROD,TOT,KTOE,A,2016,0,
ZWE,OILPROD,TOT,KTOE,A,2017,0,
